smiles_i,smiles_j,diff
COc1ccc(Cl)c(Nc2ncnc3cc(OC)cc(OC)c23)c1,Clc1ccc2c(c1Nc1ncnc3cccc(OC4CCNCC4)c13)OCO2,-1.8278388977050781
COc1ccc(Cl)c(Nc2ncnc3cc(OC)cc(OC)c23)c1,CN1CCC(Oc2cccc3ncnc(Nc4c(Cl)ccc5c4OCO5)c23)CC1,-1.5682015419006348
COc1ccc(Cl)c(Nc2ncnc3cc(OC)cc(OC)c23)c1,COc1cc(OC2CCNCC2)c2c(Nc3c(Cl)ccc4c3OCO4)ncnc2c1,-2.590477466583252
COc1ccc(Cl)c(Nc2ncnc3cc(OC)cc(OC)c23)c1,COc1ccc(Cl)c(Nc2ncnc3cccc(OC4CCN(C)CC4)c23)c1,-1.0910801887512207
COc1ccc(Cl)c(Nc2ncnc3cc(OC)cc(OC)c23)c1,COc1cc(OC2CCN(C)CC2)c2c(Nc3c(Cl)ccc4c3OCO4)ncnc2c1,-2.5682015419006348
COc1ccc(Cl)c(Nc2ncnc3cc(OC)cc(OC)c23)c1,Clc1ccc2c(c1Nc1ncnc3cc(OCCCN4CCOCC4)ccc13)OCO2,-2.5682015419006348
COc1ccc(Cl)c(Nc2ncnc3cc(OC)cc(OC)c23)c1,COc1cc(OC2CCN(C)CC2)c2c(Nc3cccc4c3OCO4)ncnc2c1,-1.3921103477478027
COc1ccc(Cl)c(Nc2ncnc3cc(OC)cc(OC)c23)c1,COc1ccc(Cl)c(Nc2ncnc3cc(OC)cc(OC4CCN(C)CC4)c23)c1,-2.0910801887512207
COc1ccc(Cl)c(Nc2ncnc3cc(OC)cc(OC)c23)c1,COc1cc2c(Nc3c(Cl)ccc4c3OCO4)ncnc2cc1OCc1ccnc(C#N)c1,-2.5682015419006348
COc1ccc(Cl)c(Nc2ncnc3cc(OC)cc(OC)c23)c1,CN1CCC(Oc2cc(OCCF)cc3ncnc(Nc4c(Cl)ccc5c4OCO5)c23)CC1,-2.9661412239074707
COc1ccc(Cl)c(Nc2ncnc3cc(OC)cc(OC)c23)c1,COCCOc1cc2ncnc(Nc3c(Cl)ccc4c3OCO4)c2cc1N=C(O)[C@@H]1CCCN1,-1.6188116073608398
COc1ccc(Cl)c(Nc2ncnc3cc(OC)cc(OC)c23)c1,COc1cc2c(Nc3cccc4c3OC(F)(F)O4)ncnc2cc1OCCCN1CCOCC1,-1.1368379592895508
COc1ccc(Cl)c(Nc2ncnc3cc(OC)cc(OC)c23)c1,COc1cc2c(Nc3c(Cl)ccc4c3OCO4)ncnc2cc1OCC1CCN(C)CC1,-2.869231700897217
COc1ccc(Cl)c(Nc2ncnc3cc(OC)cc(OC)c23)c1,COc1cc2c(Nc3c(Cl)ccc4c3OCO4)ncnc2cc1OCCCN1CCCC1,-2.869231700897217
COc1ccc(Cl)c(Nc2ncnc3cc(OC)cc(OC)c23)c1,COc1cc(OCCCN2CCCC2)cc2ncnc(Nc3c(Cl)ccc4c3OCO4)c12,-2.3921103477478027
COc1ccc(Cl)c(Nc2ncnc3cc(OC)cc(OC)c23)c1,COc1cc2c(Nc3c(Cl)ccc4c3OCO4)ncnc2cc1OCCCN1CCOCC1,-2.9661412239074707
COc1ccc(Cl)c(Nc2ncnc3cc(OC)cc(OC)c23)c1,COc1cc2ncnc(Nc3c(Cl)ccc4c3OCO4)c2cc1OCCCN1CCOCC1,-1.8692317008972168
COc1ccc(Cl)c(Nc2ncnc3cc(OC)cc(OC)c23)c1,COc1cc2c(Nc3c(F)ccc4c3OCO4)ncnc2cc1OCCCN1CCOCC1,-2.1210436820983887
COc1ccc(Cl)c(Nc2ncnc3cc(OC)cc(OC)c23)c1,COc1cc2c(Nc3cccc4c3OCO4)ncnc2cc1OCCCN1CCOCC1,-2.4220733642578125
COc1ccc(Cl)c(Nc2ncnc3cc(OC)cc(OC)c23)c1,COc1ccc(Cl)c(Nc2ncnc3cc(OCC4CCN(C)CC4)c(OC)cc23)c1,-2.5682015419006348
COc1ccc(Cl)c(Nc2ncnc3cc(OC)cc(OC)c23)c1,COc1ccc(Cl)c(Nc2ncnc3cc(OC)cc(OCCCN4CCOCC4)c23)c1,-1.2064738273620605
COc1ccc(Cl)c(Nc2ncnc3cc(OC)cc(OC)c23)c1,COc1ccc(Cl)c(Nc2ncnc3cc(OCCCN4CCOCC4)c(OC)cc23)c1,-2.5682015419006348
COc1ccc(Cl)c(Nc2ncnc3cc(OC)cc(OC)c23)c1,COc1ccc(Cl)c(Nc2ncnc3cc(OCCN4CCCC4)cc(OC(C)C)c23)n1,-1.4890203475952148
COc1ccc(Cl)c(Nc2ncnc3cc(OC)cc(OC)c23)c1,COc1ccc(Cl)c(Nc2ncnc3cc(OCCN4CCOCC4)cc(OC(C)C)c23)n1,-1.4890203475952148
COc1ccc(Cl)c(Nc2ncnc3cc(OC)cc(OC)c23)c1,CC(C)Oc1cc(OC2CCN(C)CC2)c2c(Nc3c(Cl)ccc4c3OCO4)ncnc2c1,-1.5682015419006348
COc1ccc(Cl)c(Nc2ncnc3cc(OC)cc(OC)c23)c1,CC(C)Oc1cc(OCCN2CCOCC2)cc2ncnc(Nc3c(Cl)ccc4c3OCO4)c12,-2.869231700897217
COc1ccc(Cl)c(Nc2ncnc3cc(OC)cc(OC)c23)c1,COc1ccc(Cl)c(Nc2ncnc3cc(OCCCN4CCCC4)cc(OC(C)C)c23)n1,-1.7231035232543945
COc1ccc(Cl)c(Nc2ncnc3cc(OC)cc(OC)c23)c1,COc1ccc(Cl)c(Nc2ncnc3cc(OCCCN4CCOCC4)cc(OC(C)C)c23)n1,-2.0910801887512207
COc1ccc(Cl)c(Nc2ncnc3cc(OC)cc(OC)c23)c1,COc1cc(Nc2ncnc3cc(OCCCN4CCOCC4)cc(OC(C)C)c23)c(Cl)cn1,-1.0241336822509766
COc1ccc(Cl)c(Nc2ncnc3cc(OC)cc(OC)c23)c1,COc1cnc(Cl)c(Nc2ncnc3cc(OCCCN4CCOCC4)cc(OC(C)C)c23)c1,-1.3921103477478027
COc1ccc(Cl)c(Nc2ncnc3cc(OC)cc(OC)c23)c1,COc1ncc(Cl)c(=Nc2ncnc3cc(OCCN4CCN(C(C)=O)CC4)cc(OC(C)C)c23)[nH]1,-1.1210436820983887
COc1ccc(Cl)c(Nc2ncnc3cc(OC)cc(OC)c23)c1,COc1ccc(Cl)c(Nc2ncnc3cc(OCCN4CCN(C)CC4)cc(OC(C)C)c23)n1,-1.7231035232543945
COc1ccc(Cl)c(Nc2ncnc3cc(OC)cc(OC)c23)c1,Clc1ccc2c(c1Nc1ncnc3cc(OCCN4CCCC4)cc(N4CCOCC4)c13)OCO2,-1.6931405067443848
COc1ccc(Cl)c(Nc2ncnc3cc(OC)cc(OC)c23)c1,CC(C)COc1cc(OC2CCN(C)CC2)c2c(Nc3c(Cl)ccc4c3OCO4)ncnc2c1,-2.7231030464172363
COc1ccc(Cl)c(Nc2ncnc3cc(OC)cc(OC)c23)c1,COc1ccc(Cl)c(Nc2ncnc3cc(OCCCN4CCOCC4)cc(OC(C)C)c23)c1,-1.3921103477478027
COc1ccc(Cl)c(Nc2ncnc3cc(OC)cc(OC)c23)c1,COc1ccc(Cl)c(Nc2ncnc3cc(OCCN4CCN(C(C)=O)CC4)cc(OC(C)C)c23)n1,-1.7900505065917969
COc1ccc(Cl)c(Nc2ncnc3cc(OC)cc(OC)c23)c1,COc1ccc(Cl)c(Nc2ncnc3cc(OCCCN4CCN(C)CC4)cc(OC(C)C)c23)n1,-1.7900505065917969
COc1ccc(Cl)c(Nc2ncnc3cc(OC)cc(OC)c23)c1,Clc1ccc2c(c1Nc1ncnc3cc(OCCN4CCCC4)cc(OC4CCOCC4)c13)OCO2,-2.7900500297546387
COc1ccc(Cl)c(Nc2ncnc3cc(OC)cc(OC)c23)c1,CC(=O)N1CCN(CCOc2cc(OC(C)C)c3c(Nc4c(F)ccc5c4OCO5)ncnc3c2)CC1,-2.2671713829040527
COc1ccc(Cl)c(Nc2ncnc3cc(OC)cc(OC)c23)c1,c1cc(Nc2ncnc3cc(OCCN4CCCC4)cc(OC4CCOCC4)c23)c2c(c1)OCO2,-1.6651115417480469
COc1ccc(Cl)c(Nc2ncnc3cc(OC)cc(OC)c23)c1,COc1cnc(Cl)c(Nc2ncnc3cc(OCCCN4CCOCC4)cc(OC4CCOCC4)c23)c1,-1.4220733642578125
COc1ccc(Cl)c(Nc2ncnc3cc(OC)cc(OC)c23)c1,COc1ccc(Cl)c(Nc2ncnc3cc(OCCCN4CCOCC4)cc(OC4CCOCC4)c23)n1,-1.7231035232543945
COc1ccc(Cl)c(Nc2ncnc3cc(OC)cc(OC)c23)c1,COc1ccc(Cl)c(Nc2ncnc3cc(OCCCN4CCN(C(C)=O)CC4)cc(OC(C)C)c23)n1,-2.2671713829040527
COc1ccc(Cl)c(Nc2ncnc3cc(OC)cc(OC)c23)c1,Clc1ccc2c(c1Nc1ncnc3cc(OCCOc4ccncc4)cc(OC4CCOCC4)c13)OCO2,-3.0910801887512207
COc1ccc(Cl)c(Nc2ncnc3cc(OC)cc(OC)c23)c1,CN1CCC(COc2cc(OC3CCOCC3)c3c(Nc4c(Cl)ccc5c4OCO5)ncnc3c2)CC1,-2.7900500297546387
COc1ccc(Cl)c(Nc2ncnc3cc(OC)cc(OC)c23)c1,Clc1ccc2c(c1Nc1ncnc3cc(OCCN4CCCC4)cc(OC4CCOCC4)c13)OCCO2,-1.526808738708496
COc1ccc(Cl)c(Nc2ncnc3cc(OC)cc(OC)c23)c1,CN1CCN(CCOc2cc(OC3CCOCC3)c3c(Nc4c(Cl)ccc5c4OCO5)ncnc3c2)CC1,-3.1368374824523926
COc1ccc(Cl)c(Nc2ncnc3cc(OC)cc(OC)c23)c1,c1cc(Nc2ncnc3cc(OCCCN4CCCC4)cc(OC4CCOCC4)c23)c2c(c1)OCO2,-1.966141700744629
COc1ccc(Cl)c(Nc2ncnc3cc(OC)cc(OC)c23)c1,c1cc(Nc2ncnc3cc(OCCN4CCCC4)cc(OC4CCOCC4)c23)c2c(c1)OCCO2,-1.6387825012207031
COc1ccc(Cl)c(Nc2ncnc3cc(OC)cc(OC)c23)c1,COc1ccc(Cl)c(Nc2ncnc3cc(OCCCN4CCOCC4)cc(OC4CCOCC4)c23)c1,-1.2671713829040527
COc1ccc(Cl)c(Nc2ncnc3cc(OC)cc(OC)c23)c1,CN1CCN(CCOc2cc(OC3CCOCC3)c3c(Nc4c(Cl)ccc5c4OCCO5)ncnc3c2)CC1,-1.7552881240844727
COc1ccc(Cl)c(Nc2ncnc3cc(OC)cc(OC)c23)c1,COc1ccc(Cl)c(Nc2ncnc3cc(OCCCN4CCOCC4)cc(OC4CCCCC4)c23)c1,-2.2671713829040527
Clc1ccc2c(c1Nc1ncnc3cccc(OC4CCNCC4)c13)OCO2,CN1CCC(Oc2cc(OCCF)cc3ncnc(Nc4c(Cl)ccc5c4OCO5)c23)CC1,-1.1383023262023926
Clc1ccc2c(c1Nc1ncnc3cccc(OC4CCNCC4)c13)OCO2,COc1cc2c(Nc3c(Cl)ccc4c3OCO4)ncnc2cc1OCC1CCN(C)CC1,-1.0413928031921387
Clc1ccc2c(c1Nc1ncnc3cccc(OC4CCNCC4)c13)OCO2,COc1cc2c(Nc3c(Cl)ccc4c3OCO4)ncnc2cc1OCCCN1CCCC1,-1.0413928031921387
Clc1ccc2c(c1Nc1ncnc3cccc(OC4CCNCC4)c13)OCO2,COc1cc2c(Nc3c(Cl)ccc4c3OCO4)ncnc2cc1OCCCN1CCOCC1,-1.1383023262023926
Clc1ccc2c(c1Nc1ncnc3cccc(OC4CCNCC4)c13)OCO2,COc1cc(OC2CCN(C)CC2)c2c(Nc3cccc4c3OCCO4)ncnc2c1,1.0155119895935059
Clc1ccc2c(c1Nc1ncnc3cccc(OC4CCNCC4)c13)OCO2,COc1cc2c(Nc3ccc4c(c3)OCO4)ncnc2cc1OCCCN1CCOCC1,1.1404509544372559
Clc1ccc2c(c1Nc1ncnc3cccc(OC4CCNCC4)c13)OCO2,COc1ccccc1Nc1ncnc2cc(OCCCN3CCOCC3)c(OC)cc12,1.0078253746032715
Clc1ccc2c(c1Nc1ncnc3cccc(OC4CCNCC4)c13)OCO2,CC(C)Oc1cc(OCCN2CCOCC2)cc2ncnc(Nc3c(Cl)ccc4c3OCO4)c12,-1.0413928031921387
Clc1ccc2c(c1Nc1ncnc3cccc(OC4CCNCC4)c13)OCO2,CCOc1ccc(Cl)c(Nc2ncnc3cc(OCCCN4CCOCC4)c(OC)cc23)c1,1.2432637214660645
Clc1ccc2c(c1Nc1ncnc3cccc(OC4CCNCC4)c13)OCO2,Clc1ccc2c(c1Nc1ncnc3cc(OCCOc4ccncc4)cc(OC4CCOCC4)c13)OCO2,-1.2632412910461426
Clc1ccc2c(c1Nc1ncnc3cccc(OC4CCNCC4)c13)OCO2,CN1CCN(CCOc2cc(OC3CCOCC3)c3c(Nc4c(Cl)ccc5c4OCO5)ncnc3c2)CC1,-1.3089985847473145
Clc1ccc2c(c1Nc1ncnc3cccc(OC4CCNCC4)c13)OCO2,COc1ccc(Cl)c(Nc2ncnc3ccc(OCCCN4CCN(C)CC4)c(OC4CCOCC4)c23)c1,1.0377883911132812
COc1ccc(Cl)c(Nc2ncnc3cccc(OC4CCOCC4)c23)c1,COc1cc(OC2CCNCC2)c2c(Nc3c(Cl)ccc4c3OCO4)ncnc2c1,-1.624335765838623
COc1ccc(Cl)c(Nc2ncnc3cccc(OC4CCOCC4)c23)c1,COc1cc(OC2CCN(C)CC2)c2c(Nc3c(Cl)ccc4c3OCO4)ncnc2c1,-1.6020598411560059
COc1ccc(Cl)c(Nc2ncnc3cccc(OC4CCOCC4)c23)c1,Clc1ccc2c(c1Nc1ncnc3cc(OCCCN4CCOCC4)ccc13)OCO2,-1.6020598411560059
COc1ccc(Cl)c(Nc2ncnc3cccc(OC4CCOCC4)c23)c1,COc1ccc(Cl)c(Nc2ncnc3cc(OC)cc(OC4CCN(C)CC4)c23)c1,-1.1249384880065918
COc1ccc(Cl)c(Nc2ncnc3cccc(OC4CCOCC4)c23)c1,COc1cc2c(Nc3c(Cl)ccc4c3OCO4)ncnc2cc1OCc1ccnc(C#N)c1,-1.6020598411560059
COc1ccc(Cl)c(Nc2ncnc3cccc(OC4CCOCC4)c23)c1,CN1CCC(Oc2cc(OCCF)cc3ncnc(Nc4c(Cl)ccc5c4OCO5)c23)CC1,-1.9999995231628418
COc1ccc(Cl)c(Nc2ncnc3cccc(OC4CCOCC4)c23)c1,COc1cc2c(Nc3c(Cl)ccc4c3OCO4)ncnc2cc1OCC1CCN(C)CC1,-1.903090000152588
COc1ccc(Cl)c(Nc2ncnc3cccc(OC4CCOCC4)c23)c1,COc1cc2c(Nc3c(Cl)ccc4c3OCO4)ncnc2cc1OCCCN1CCCC1,-1.903090000152588
COc1ccc(Cl)c(Nc2ncnc3cccc(OC4CCOCC4)c23)c1,COc1cc(OCCCN2CCCC2)cc2ncnc(Nc3c(Cl)ccc4c3OCO4)c12,-1.4259686470031738
COc1ccc(Cl)c(Nc2ncnc3cccc(OC4CCOCC4)c23)c1,COc1cc2c(Nc3c(Cl)ccc4c3OCO4)ncnc2cc1OCCCN1CCOCC1,-1.9999995231628418
COc1ccc(Cl)c(Nc2ncnc3cccc(OC4CCOCC4)c23)c1,COc1cc2c(Nc3c(F)ccc4c3OCO4)ncnc2cc1OCCCN1CCOCC1,-1.1549019813537598
COc1ccc(Cl)c(Nc2ncnc3cccc(OC4CCOCC4)c23)c1,COc1cc2c(Nc3cccc4c3OCO4)ncnc2cc1OCCCN1CCOCC1,-1.4559316635131836
COc1ccc(Cl)c(Nc2ncnc3cccc(OC4CCOCC4)c23)c1,COc1ccc(Cl)c(Nc2ncnc3cc(OCC4CCN(C)CC4)c(OC)cc23)c1,-1.6020598411560059
COc1ccc(Cl)c(Nc2ncnc3cccc(OC4CCOCC4)c23)c1,COc1ccc(Cl)c(Nc2ncnc3cc(OCCCN4CCOCC4)c(OC)cc23)c1,-1.6020598411560059
COc1ccc(Cl)c(Nc2ncnc3cccc(OC4CCOCC4)c23)c1,CC(C)Oc1cc(OCCN2CCOCC2)cc2ncnc(Nc3c(Cl)ccc4c3OCO4)c12,-1.903090000152588
COc1ccc(Cl)c(Nc2ncnc3cccc(OC4CCOCC4)c23)c1,COc1ccc(Cl)c(Nc2ncnc3cc(OCCCN4CCOCC4)cc(OC(C)C)c23)n1,-1.1249384880065918
COc1ccc(Cl)c(Nc2ncnc3cccc(OC4CCOCC4)c23)c1,CC(C)COc1cc(OC2CCN(C)CC2)c2c(Nc3c(Cl)ccc4c3OCO4)ncnc2c1,-1.7569613456726074
COc1ccc(Cl)c(Nc2ncnc3cccc(OC4CCOCC4)c23)c1,Clc1ccc2c(c1Nc1ncnc3cc(OCCN4CCCC4)cc(OC4CCOCC4)c13)OCO2,-1.8239083290100098
COc1ccc(Cl)c(Nc2ncnc3cccc(OC4CCOCC4)c23)c1,CC(=O)N1CCN(CCOc2cc(OC(C)C)c3c(Nc4c(F)ccc5c4OCO5)ncnc3c2)CC1,-1.3010296821594238
COc1ccc(Cl)c(Nc2ncnc3cccc(OC4CCOCC4)c23)c1,COc1ccc(Cl)c(Nc2ncnc3cc(OCCCN4CCN(C(C)=O)CC4)cc(OC(C)C)c23)n1,-1.3010296821594238
COc1ccc(Cl)c(Nc2ncnc3cccc(OC4CCOCC4)c23)c1,Clc1ccc2c(c1Nc1ncnc3cc(OCCOc4ccncc4)cc(OC4CCOCC4)c13)OCO2,-2.124938488006592
COc1ccc(Cl)c(Nc2ncnc3cccc(OC4CCOCC4)c23)c1,CN1CCC(COc2cc(OC3CCOCC3)c3c(Nc4c(Cl)ccc5c4OCO5)ncnc3c2)CC1,-1.8239083290100098
COc1ccc(Cl)c(Nc2ncnc3cccc(OC4CCOCC4)c23)c1,CN1CCN(CCOc2cc(OC3CCOCC3)c3c(Nc4c(Cl)ccc5c4OCO5)ncnc3c2)CC1,-2.1706957817077637
COc1ccc(Cl)c(Nc2ncnc3cccc(OC4CCOCC4)c23)c1,COc1ccc(Cl)c(Nc2ncnc3cc(OCCCN4CCOCC4)cc(OC4CCCCC4)c23)c1,-1.3010296821594238
CN1CCC(Oc2cccc3ncnc(Nc4c(Cl)ccc5c4OCO5)c23)CC1,COc1cc(OC2CCNCC2)c2c(Nc3c(Cl)ccc4c3OCO4)ncnc2c1,-1.0222759246826172
CN1CCC(Oc2cccc3ncnc(Nc4c(Cl)ccc5c4OCO5)c23)CC1,CN1CCC(Oc2cc(OCCF)cc3ncnc(Nc4c(Cl)ccc5c4OCO5)c23)CC1,-1.397939682006836
CN1CCC(Oc2cccc3ncnc(Nc4c(Cl)ccc5c4OCO5)c23)CC1,COc1cc2c(Nc3c(Cl)ccc4c3OCO4)ncnc2cc1OCC1CCN(C)CC1,-1.301030158996582
CN1CCC(Oc2cccc3ncnc(Nc4c(Cl)ccc5c4OCO5)c23)CC1,COc1cc2c(Nc3c(Cl)ccc4c3OCO4)ncnc2cc1OCCCN1CCCC1,-1.301030158996582
CN1CCC(Oc2cccc3ncnc(Nc4c(Cl)ccc5c4OCO5)c23)CC1,COc1cc2c(Nc3c(Cl)ccc4c3OCO4)ncnc2cc1OCCCN1CCOCC1,-1.397939682006836
CN1CCC(Oc2cccc3ncnc(Nc4c(Cl)ccc5c4OCO5)c23)CC1,CC(C)Oc1cc(OCCN2CCOCC2)cc2ncnc(Nc3c(Cl)ccc4c3OCO4)c12,-1.301030158996582
CN1CCC(Oc2cccc3ncnc(Nc4c(Cl)ccc5c4OCO5)c23)CC1,CC(C)COc1cc(OC2CCN(C)CC2)c2c(Nc3c(Cl)ccc4c3OCO4)ncnc2c1,-1.1549015045166016
CN1CCC(Oc2cccc3ncnc(Nc4c(Cl)ccc5c4OCO5)c23)CC1,Clc1ccc2c(c1Nc1ncnc3cc(OCCN4CCCC4)cc(OC4CCOCC4)c13)OCO2,-1.221848487854004
CN1CCC(Oc2cccc3ncnc(Nc4c(Cl)ccc5c4OCO5)c23)CC1,Clc1ccc2c(c1Nc1ncnc3cc(OCCOc4ccncc4)cc(OC4CCOCC4)c13)OCO2,-1.522878646850586
CN1CCC(Oc2cccc3ncnc(Nc4c(Cl)ccc5c4OCO5)c23)CC1,CN1CCC(COc2cc(OC3CCOCC3)c3c(Nc4c(Cl)ccc5c4OCO5)ncnc3c2)CC1,-1.221848487854004
CN1CCC(Oc2cccc3ncnc(Nc4c(Cl)ccc5c4OCO5)c23)CC1,CN1CCN(CCOc2cc(OC3CCOCC3)c3c(Nc4c(Cl)ccc5c4OCO5)ncnc3c2)CC1,-1.5686359405517578
COc1cc(OC2CCNCC2)c2c(Nc3c(Cl)ccc4c3OCO4)ncnc2c1,COc1ccc(Cl)c(Nc2ncnc3cccc(OC4CCN(C)CC4)c23)c1,1.4993972778320312
COc1cc(OC2CCNCC2)c2c(Nc3c(Cl)ccc4c3OCO4)ncnc2c1,CN1CCC(COc2cccc3ncnc(Nc4c(Cl)ccc5c4OCO5)c23)CC1,1.7212457656860352
COc1cc(OC2CCNCC2)c2c(Nc3c(Cl)ccc4c3OCO4)ncnc2c1,COc1cc(OC2CCN(C)CC2)c2c(Nc3cccc4c3OCO4)ncnc2c1,1.1983671188354492
COc1cc(OC2CCNCC2)c2c(Nc3c(Cl)ccc4c3OCO4)ncnc2c1,COc1ccc(Cl)c(Nc2ncnc3ccc(OC)c(OC4CCN(C)CC4)c23)c1,1.7546696662902832
COc1cc(OC2CCNCC2)c2c(Nc3c(Cl)ccc4c3OCO4)ncnc2c1,COc1cc2c(Nc3cccc4c3OC(F)(F)O4)ncnc2cc1OCCCN1CCOCC1,1.4536395072937012
COc1cc(OC2CCNCC2)c2c(Nc3c(Cl)ccc4c3OCO4)ncnc2c1,COc1cc(OC2CCN(C)CC2)c2c(Nc3cccc4c3OCCO4)ncnc2c1,1.7781505584716797
COc1cc(OC2CCNCC2)c2c(Nc3c(Cl)ccc4c3OCO4)ncnc2c1,COc1cc2c(Nc3ccc4c(c3)OCO4)ncnc2cc1OCCCN1CCOCC1,1.9030895233154297
COc1cc(OC2CCNCC2)c2c(Nc3c(Cl)ccc4c3OCO4)ncnc2c1,COc1ccc(Cl)c(Nc2ncnc3cc(OC)cc(OCCCN4CCOCC4)c23)c1,1.3840036392211914
COc1cc(OC2CCNCC2)c2c(Nc3c(Cl)ccc4c3OCO4)ncnc2c1,COc1ccc(Cl)c(Nc2ncnc3cc(OCCN4CCCC4)cc(OC(C)C)c23)n1,1.101457118988037
COc1cc(OC2CCNCC2)c2c(Nc3c(Cl)ccc4c3OCO4)ncnc2c1,COc1ccc(Cl)c(Nc2ncnc3cc(OCCN4CCOCC4)cc(OC(C)C)c23)n1,1.101457118988037
COc1cc(OC2CCNCC2)c2c(Nc3c(Cl)ccc4c3OCO4)ncnc2c1,COc1ccccc1Nc1ncnc2cc(OCCCN3CCOCC3)c(OC)cc12,1.7704639434814453
COc1cc(OC2CCNCC2)c2c(Nc3c(Cl)ccc4c3OCO4)ncnc2c1,CC(C)Oc1cc(OC2CCN(C)CC2)c2c(Nc3c(Cl)ccc4c3OCO4)ncnc2c1,1.0222759246826172
COc1cc(OC2CCNCC2)c2c(Nc3c(Cl)ccc4c3OCO4)ncnc2c1,COc1cc2c(Nc3cccc4c3OCCO4)ncnc2cc1OCCCN1CCOCC1,1.590477466583252
COc1cc(OC2CCNCC2)c2c(Nc3c(Cl)ccc4c3OCO4)ncnc2c1,CCOc1ccc(Cl)c(Nc2ncnc3cc(OCCCN4CCOCC4)c(OC)cc23)c1,2.0059022903442383
COc1cc(OC2CCNCC2)c2c(Nc3c(Cl)ccc4c3OCO4)ncnc2c1,COc1cc(Nc2ncnc3cc(OCCCN4CCOCC4)cc(OC(C)C)c23)c(Cl)cn1,1.5663437843322754
COc1cc(OC2CCNCC2)c2c(Nc3c(Cl)ccc4c3OCO4)ncnc2c1,COc1cnc(Cl)c(Nc2ncnc3cc(OCCCN4CCOCC4)cc(OC(C)C)c23)c1,1.1983671188354492
COc1cc(OC2CCNCC2)c2c(Nc3c(Cl)ccc4c3OCO4)ncnc2c1,COc1ncc(Cl)c(=Nc2ncnc3cc(OCCN4CCN(C(C)=O)CC4)cc(OC(C)C)c23)[nH]1,1.4694337844848633
COc1cc(OC2CCNCC2)c2c(Nc3c(Cl)ccc4c3OCO4)ncnc2c1,COc1ccc(Cl)c(Nc2ncnc3cc(OCCCN4CCOCC4)cc(OC(C)C)c23)c1,1.1983671188354492
COc1cc(OC2CCNCC2)c2c(Nc3c(Cl)ccc4c3OCO4)ncnc2c1,COc1cnc(Cl)c(Nc2ncnc3cc(OCCCN4CCOCC4)cc(OC4CCOCC4)c23)c1,1.1684041023254395
COc1cc(OC2CCNCC2)c2c(Nc3c(Cl)ccc4c3OCO4)ncnc2c1,COc1cc(Nc2ncnc3cc(OCCCN4CCOCC4)cc(OC4CCOCC4)c23)c(Cl)cn1,1.624335765838623
COc1cc(OC2CCNCC2)c2c(Nc3c(Cl)ccc4c3OCO4)ncnc2c1,Clc1ccc2c(c1Nc1ncnc3cc(OCCN4CCCC4)cc(OC4CCOCC4)c13)OCCO2,1.0636687278747559
COc1cc(OC2CCNCC2)c2c(Nc3c(Cl)ccc4c3OCO4)ncnc2c1,COc1ccc(Cl)c(Nc2ncnc3cc(OCCCN4CCOCC4)cc(OC4CCOCC4)c23)c1,1.3233060836791992
COc1cc(OC2CCNCC2)c2c(Nc3c(Cl)ccc4c3OCO4)ncnc2c1,COc1ccc(Cl)c(Nc2ncnc3ccc(OCCCN4CCN(C)CC4)c(OC4CCOCC4)c23)c1,1.800426959991455
COc1ccc(Cl)c(Nc2ncnc3cccc(OC4CCN(C)CC4)c23)c1,COc1cc(OC2CCN(C)CC2)c2c(Nc3c(Cl)ccc4c3OCO4)ncnc2c1,-1.477121353149414
COc1ccc(Cl)c(Nc2ncnc3cccc(OC4CCN(C)CC4)c23)c1,Clc1ccc2c(c1Nc1ncnc3cc(OCCCN4CCOCC4)ccc13)OCO2,-1.477121353149414
COc1ccc(Cl)c(Nc2ncnc3cccc(OC4CCN(C)CC4)c23)c1,COc1cc2c(Nc3c(Cl)ccc4c3OCO4)ncnc2cc1OCc1ccnc(C#N)c1,-1.477121353149414
COc1ccc(Cl)c(Nc2ncnc3cccc(OC4CCN(C)CC4)c23)c1,CN1CCC(Oc2cc(OCCF)cc3ncnc(Nc4c(Cl)ccc5c4OCO5)c23)CC1,-1.87506103515625
COc1ccc(Cl)c(Nc2ncnc3cccc(OC4CCN(C)CC4)c23)c1,COc1cc2c(Nc3c(Cl)ccc4c3OCO4)ncnc2cc1OCC1CCN(C)CC1,-1.778151512145996
COc1ccc(Cl)c(Nc2ncnc3cccc(OC4CCN(C)CC4)c23)c1,COc1cc2c(Nc3c(Cl)ccc4c3OCO4)ncnc2cc1OCCCN1CCCC1,-1.778151512145996
COc1ccc(Cl)c(Nc2ncnc3cccc(OC4CCN(C)CC4)c23)c1,COc1cc(OCCCN2CCCC2)cc2ncnc(Nc3c(Cl)ccc4c3OCO4)c12,-1.301030158996582
COc1ccc(Cl)c(Nc2ncnc3cccc(OC4CCN(C)CC4)c23)c1,COc1cc2c(Nc3c(Cl)ccc4c3OCO4)ncnc2cc1OCCCN1CCOCC1,-1.87506103515625
COc1ccc(Cl)c(Nc2ncnc3cccc(OC4CCN(C)CC4)c23)c1,COc1cc2c(Nc3c(F)ccc4c3OCO4)ncnc2cc1OCCCN1CCOCC1,-1.029963493347168
COc1ccc(Cl)c(Nc2ncnc3cccc(OC4CCN(C)CC4)c23)c1,COc1cc2c(Nc3cccc4c3OCO4)ncnc2cc1OCCCN1CCOCC1,-1.3309931755065918
COc1ccc(Cl)c(Nc2ncnc3cccc(OC4CCN(C)CC4)c23)c1,COc1ccc(Cl)c(Nc2ncnc3cc(OCC4CCN(C)CC4)c(OC)cc23)c1,-1.477121353149414
COc1ccc(Cl)c(Nc2ncnc3cccc(OC4CCN(C)CC4)c23)c1,COc1ccc(Cl)c(Nc2ncnc3cc(OCCCN4CCOCC4)c(OC)cc23)c1,-1.477121353149414
COc1ccc(Cl)c(Nc2ncnc3cccc(OC4CCN(C)CC4)c23)c1,CC(C)Oc1cc(OCCN2CCOCC2)cc2ncnc(Nc3c(Cl)ccc4c3OCO4)c12,-1.778151512145996
COc1ccc(Cl)c(Nc2ncnc3cccc(OC4CCN(C)CC4)c23)c1,CC(C)COc1cc(OC2CCN(C)CC2)c2c(Nc3c(Cl)ccc4c3OCO4)ncnc2c1,-1.6320228576660156
COc1ccc(Cl)c(Nc2ncnc3cccc(OC4CCN(C)CC4)c23)c1,Clc1ccc2c(c1Nc1ncnc3cc(OCCN4CCCC4)cc(OC4CCOCC4)c13)OCO2,-1.698969841003418
COc1ccc(Cl)c(Nc2ncnc3cccc(OC4CCN(C)CC4)c23)c1,CC(=O)N1CCN(CCOc2cc(OC(C)C)c3c(Nc4c(F)ccc5c4OCO5)ncnc3c2)CC1,-1.176091194152832
COc1ccc(Cl)c(Nc2ncnc3cccc(OC4CCN(C)CC4)c23)c1,COc1ccc(Cl)c(Nc2ncnc3cc(OCCCN4CCN(C(C)=O)CC4)cc(OC(C)C)c23)n1,-1.176091194152832
COc1ccc(Cl)c(Nc2ncnc3cccc(OC4CCN(C)CC4)c23)c1,Clc1ccc2c(c1Nc1ncnc3cc(OCCOc4ccncc4)cc(OC4CCOCC4)c13)OCO2,-2.0
COc1ccc(Cl)c(Nc2ncnc3cccc(OC4CCN(C)CC4)c23)c1,CN1CCC(COc2cc(OC3CCOCC3)c3c(Nc4c(Cl)ccc5c4OCO5)ncnc3c2)CC1,-1.698969841003418
COc1ccc(Cl)c(Nc2ncnc3cccc(OC4CCN(C)CC4)c23)c1,CN1CCN(CCOc2cc(OC3CCOCC3)c3c(Nc4c(Cl)ccc5c4OCO5)ncnc3c2)CC1,-2.045757293701172
COc1ccc(Cl)c(Nc2ncnc3cccc(OC4CCN(C)CC4)c23)c1,COc1ccc(Cl)c(Nc2ncnc3cc(OCCCN4CCOCC4)cc(OC4CCCCC4)c23)c1,-1.176091194152832
CN1CCC(COc2cccc3ncnc(Nc4c(Cl)ccc5c4OCO5)c23)CC1,COc1cc(OC2CCN(C)CC2)c2c(Nc3c(Cl)ccc4c3OCO4)ncnc2c1,-1.698969841003418
CN1CCC(COc2cccc3ncnc(Nc4c(Cl)ccc5c4OCO5)c23)CC1,Clc1ccc2c(c1Nc1ncnc3cc(OCCCN4CCOCC4)ccc13)OCO2,-1.698969841003418
CN1CCC(COc2cccc3ncnc(Nc4c(Cl)ccc5c4OCO5)c23)CC1,COc1ccc(Cl)c(Nc2ncnc3cc(OC)cc(OC4CCN(C)CC4)c23)c1,-1.221848487854004
CN1CCC(COc2cccc3ncnc(Nc4c(Cl)ccc5c4OCO5)c23)CC1,COc1cc2c(Nc3c(Cl)ccc4c3OCO4)ncnc2cc1OCc1ccnc(C#N)c1,-1.698969841003418
CN1CCC(COc2cccc3ncnc(Nc4c(Cl)ccc5c4OCO5)c23)CC1,CN1CCC(Oc2cc(OCCF)cc3ncnc(Nc4c(Cl)ccc5c4OCO5)c23)CC1,-2.096909523010254
CN1CCC(COc2cccc3ncnc(Nc4c(Cl)ccc5c4OCO5)c23)CC1,COc1cc2c(Nc3c(Cl)ccc4c3OCO4)ncnc2cc1OCC1CCN(C)CC1,-2.0
CN1CCC(COc2cccc3ncnc(Nc4c(Cl)ccc5c4OCO5)c23)CC1,COc1cc2c(Nc3c(Cl)ccc4c3OCO4)ncnc2cc1OCCCN1CCCC1,-2.0
CN1CCC(COc2cccc3ncnc(Nc4c(Cl)ccc5c4OCO5)c23)CC1,COc1cc(OCCCN2CCCC2)cc2ncnc(Nc3c(Cl)ccc4c3OCO4)c12,-1.522878646850586
CN1CCC(COc2cccc3ncnc(Nc4c(Cl)ccc5c4OCO5)c23)CC1,COc1cc2c(Nc3c(Cl)ccc4c3OCO4)ncnc2cc1OCCCN1CCOCC1,-2.096909523010254
CN1CCC(COc2cccc3ncnc(Nc4c(Cl)ccc5c4OCO5)c23)CC1,COc1cc2c(Nc3c(F)ccc4c3OCO4)ncnc2cc1OCCCN1CCOCC1,-1.2518119812011719
CN1CCC(COc2cccc3ncnc(Nc4c(Cl)ccc5c4OCO5)c23)CC1,COc1cc2c(Nc3cccc4c3OCO4)ncnc2cc1OCCCN1CCOCC1,-1.5528416633605957
CN1CCC(COc2cccc3ncnc(Nc4c(Cl)ccc5c4OCO5)c23)CC1,COc1ccc(Cl)c(Nc2ncnc3cc(OCC4CCN(C)CC4)c(OC)cc23)c1,-1.698969841003418
CN1CCC(COc2cccc3ncnc(Nc4c(Cl)ccc5c4OCO5)c23)CC1,COc1ccc(Cl)c(Nc2ncnc3cc(OCCCN4CCOCC4)c(OC)cc23)c1,-1.698969841003418
CN1CCC(COc2cccc3ncnc(Nc4c(Cl)ccc5c4OCO5)c23)CC1,CC(C)Oc1cc(OCCN2CCOCC2)cc2ncnc(Nc3c(Cl)ccc4c3OCO4)c12,-2.0
CN1CCC(COc2cccc3ncnc(Nc4c(Cl)ccc5c4OCO5)c23)CC1,COc1ccc(Cl)c(Nc2ncnc3cc(OCCCN4CCOCC4)cc(OC(C)C)c23)n1,-1.221848487854004
CN1CCC(COc2cccc3ncnc(Nc4c(Cl)ccc5c4OCO5)c23)CC1,CC(C)COc1cc(OC2CCN(C)CC2)c2c(Nc3c(Cl)ccc4c3OCO4)ncnc2c1,-1.8538713455200195
CN1CCC(COc2cccc3ncnc(Nc4c(Cl)ccc5c4OCO5)c23)CC1,Clc1ccc2c(c1Nc1ncnc3cc(OCCN4CCCC4)cc(OC4CCOCC4)c13)OCO2,-1.9208183288574219
CN1CCC(COc2cccc3ncnc(Nc4c(Cl)ccc5c4OCO5)c23)CC1,CC(=O)N1CCN(CCOc2cc(OC(C)C)c3c(Nc4c(F)ccc5c4OCO5)ncnc3c2)CC1,-1.397939682006836
CN1CCC(COc2cccc3ncnc(Nc4c(Cl)ccc5c4OCO5)c23)CC1,COc1ccc(Cl)c(Nc2ncnc3cc(OCCCN4CCN(C(C)=O)CC4)cc(OC(C)C)c23)n1,-1.397939682006836
CN1CCC(COc2cccc3ncnc(Nc4c(Cl)ccc5c4OCO5)c23)CC1,Clc1ccc2c(c1Nc1ncnc3cc(OCCOc4ccncc4)cc(OC4CCOCC4)c13)OCO2,-2.221848487854004
CN1CCC(COc2cccc3ncnc(Nc4c(Cl)ccc5c4OCO5)c23)CC1,CN1CCC(COc2cc(OC3CCOCC3)c3c(Nc4c(Cl)ccc5c4OCO5)ncnc3c2)CC1,-1.9208183288574219
CN1CCC(COc2cccc3ncnc(Nc4c(Cl)ccc5c4OCO5)c23)CC1,CN1CCN(CCOc2cc(OC3CCOCC3)c3c(Nc4c(Cl)ccc5c4OCO5)ncnc3c2)CC1,-2.267605781555176
CN1CCC(COc2cccc3ncnc(Nc4c(Cl)ccc5c4OCO5)c23)CC1,c1cc(Nc2ncnc3cc(OCCCN4CCCC4)cc(OC4CCOCC4)c23)c2c(c1)OCO2,-1.096909999847412
CN1CCC(COc2cccc3ncnc(Nc4c(Cl)ccc5c4OCO5)c23)CC1,COc1ccc(Cl)c(Nc2ncnc3cc(OCCCN4CCOCC4)cc(OC4CCCCC4)c23)c1,-1.397939682006836
COc1cc(OC2CCN(C)CC2)c2c(Nc3c(Cl)ccc4c3OCO4)ncnc2c1,COc1cc(OC2CCN(C)CC2)c2c(Nc3cccc4c3OCO4)ncnc2c1,1.176091194152832
COc1cc(OC2CCN(C)CC2)c2c(Nc3c(Cl)ccc4c3OCO4)ncnc2c1,COc1ccc(Cl)c(Nc2ncnc3ccc(OC)c(OC4CCN(C)CC4)c23)c1,1.732393741607666
COc1cc(OC2CCN(C)CC2)c2c(Nc3c(Cl)ccc4c3OCO4)ncnc2c1,COc1cc2c(Nc3cccc4c3OC(F)(F)O4)ncnc2cc1OCCCN1CCOCC1,1.431363582611084
COc1cc(OC2CCN(C)CC2)c2c(Nc3c(Cl)ccc4c3OCO4)ncnc2c1,COc1cc(OC2CCN(C)CC2)c2c(Nc3cccc4c3OCCO4)ncnc2c1,1.7558746337890625
COc1cc(OC2CCN(C)CC2)c2c(Nc3c(Cl)ccc4c3OCO4)ncnc2c1,COc1cc2c(Nc3ccc4c(c3)OCO4)ncnc2cc1OCCCN1CCOCC1,1.8808135986328125
COc1cc(OC2CCN(C)CC2)c2c(Nc3c(Cl)ccc4c3OCO4)ncnc2c1,COc1ccc(Cl)c(Nc2ncnc3cc(OC)cc(OCCCN4CCOCC4)c23)c1,1.3617277145385742
COc1cc(OC2CCN(C)CC2)c2c(Nc3c(Cl)ccc4c3OCO4)ncnc2c1,COc1ccc(Cl)c(Nc2ncnc3cc(OCCN4CCCC4)cc(OC(C)C)c23)n1,1.07918119430542
COc1cc(OC2CCN(C)CC2)c2c(Nc3c(Cl)ccc4c3OCO4)ncnc2c1,COc1ccc(Cl)c(Nc2ncnc3cc(OCCN4CCOCC4)cc(OC(C)C)c23)n1,1.07918119430542
COc1cc(OC2CCN(C)CC2)c2c(Nc3c(Cl)ccc4c3OCO4)ncnc2c1,COc1ccccc1Nc1ncnc2cc(OCCCN3CCOCC3)c(OC)cc12,1.7481880187988281
COc1cc(OC2CCN(C)CC2)c2c(Nc3c(Cl)ccc4c3OCO4)ncnc2c1,COc1cc2c(Nc3cccc4c3OCCO4)ncnc2cc1OCCCN1CCOCC1,1.5682015419006348
COc1cc(OC2CCN(C)CC2)c2c(Nc3c(Cl)ccc4c3OCO4)ncnc2c1,CCOc1ccc(Cl)c(Nc2ncnc3cc(OCCCN4CCOCC4)c(OC)cc23)c1,1.983626365661621
COc1cc(OC2CCN(C)CC2)c2c(Nc3c(Cl)ccc4c3OCO4)ncnc2c1,COc1cc(Nc2ncnc3cc(OCCCN4CCOCC4)cc(OC(C)C)c23)c(Cl)cn1,1.5440678596496582
COc1cc(OC2CCN(C)CC2)c2c(Nc3c(Cl)ccc4c3OCO4)ncnc2c1,COc1cnc(Cl)c(Nc2ncnc3cc(OCCCN4CCOCC4)cc(OC(C)C)c23)c1,1.176091194152832
COc1cc(OC2CCN(C)CC2)c2c(Nc3c(Cl)ccc4c3OCO4)ncnc2c1,COc1ncc(Cl)c(=Nc2ncnc3cc(OCCN4CCN(C(C)=O)CC4)cc(OC(C)C)c23)[nH]1,1.447157859802246
COc1cc(OC2CCN(C)CC2)c2c(Nc3c(Cl)ccc4c3OCO4)ncnc2c1,COc1ccc(Cl)c(Nc2ncnc3cc(OCCCN4CCOCC4)cc(OC(C)C)c23)c1,1.176091194152832
COc1cc(OC2CCN(C)CC2)c2c(Nc3c(Cl)ccc4c3OCO4)ncnc2c1,COc1cnc(Cl)c(Nc2ncnc3cc(OCCCN4CCOCC4)cc(OC4CCOCC4)c23)c1,1.1461281776428223
COc1cc(OC2CCN(C)CC2)c2c(Nc3c(Cl)ccc4c3OCO4)ncnc2c1,COc1cc(Nc2ncnc3cc(OCCCN4CCOCC4)cc(OC4CCOCC4)c23)c(Cl)cn1,1.6020598411560059
COc1cc(OC2CCN(C)CC2)c2c(Nc3c(Cl)ccc4c3OCO4)ncnc2c1,Clc1ccc2c(c1Nc1ncnc3cc(OCCN4CCCC4)cc(OC4CCOCC4)c13)OCCO2,1.0413928031921387
COc1cc(OC2CCN(C)CC2)c2c(Nc3c(Cl)ccc4c3OCO4)ncnc2c1,COc1ccc(Cl)c(Nc2ncnc3cc(OCCCN4CCOCC4)cc(OC4CCOCC4)c23)c1,1.301030158996582
COc1cc(OC2CCN(C)CC2)c2c(Nc3c(Cl)ccc4c3OCO4)ncnc2c1,COc1ccc(Cl)c(Nc2ncnc3ccc(OCCCN4CCN(C)CC4)c(OC4CCOCC4)c23)c1,1.778151035308838
Clc1ccc2c(c1Nc1ncnc3cc(OCCCN4CCOCC4)ccc13)OCO2,COc1cc(OC2CCN(C)CC2)c2c(Nc3cccc4c3OCO4)ncnc2c1,1.176091194152832
Clc1ccc2c(c1Nc1ncnc3cc(OCCCN4CCOCC4)ccc13)OCO2,COc1ccc(Cl)c(Nc2ncnc3ccc(OC)c(OC4CCN(C)CC4)c23)c1,1.732393741607666
Clc1ccc2c(c1Nc1ncnc3cc(OCCCN4CCOCC4)ccc13)OCO2,COc1cc2c(Nc3cccc4c3OC(F)(F)O4)ncnc2cc1OCCCN1CCOCC1,1.431363582611084
Clc1ccc2c(c1Nc1ncnc3cc(OCCCN4CCOCC4)ccc13)OCO2,COc1cc(OC2CCN(C)CC2)c2c(Nc3cccc4c3OCCO4)ncnc2c1,1.7558746337890625
Clc1ccc2c(c1Nc1ncnc3cc(OCCCN4CCOCC4)ccc13)OCO2,COc1cc2c(Nc3ccc4c(c3)OCO4)ncnc2cc1OCCCN1CCOCC1,1.8808135986328125
Clc1ccc2c(c1Nc1ncnc3cc(OCCCN4CCOCC4)ccc13)OCO2,COc1ccc(Cl)c(Nc2ncnc3cc(OC)cc(OCCCN4CCOCC4)c23)c1,1.3617277145385742
Clc1ccc2c(c1Nc1ncnc3cc(OCCCN4CCOCC4)ccc13)OCO2,COc1ccc(Cl)c(Nc2ncnc3cc(OCCN4CCCC4)cc(OC(C)C)c23)n1,1.07918119430542
Clc1ccc2c(c1Nc1ncnc3cc(OCCCN4CCOCC4)ccc13)OCO2,COc1ccc(Cl)c(Nc2ncnc3cc(OCCN4CCOCC4)cc(OC(C)C)c23)n1,1.07918119430542
Clc1ccc2c(c1Nc1ncnc3cc(OCCCN4CCOCC4)ccc13)OCO2,COc1ccccc1Nc1ncnc2cc(OCCCN3CCOCC3)c(OC)cc12,1.7481880187988281
Clc1ccc2c(c1Nc1ncnc3cc(OCCCN4CCOCC4)ccc13)OCO2,COc1cc2c(Nc3cccc4c3OCCO4)ncnc2cc1OCCCN1CCOCC1,1.5682015419006348
Clc1ccc2c(c1Nc1ncnc3cc(OCCCN4CCOCC4)ccc13)OCO2,CCOc1ccc(Cl)c(Nc2ncnc3cc(OCCCN4CCOCC4)c(OC)cc23)c1,1.983626365661621
Clc1ccc2c(c1Nc1ncnc3cc(OCCCN4CCOCC4)ccc13)OCO2,COc1cc(Nc2ncnc3cc(OCCCN4CCOCC4)cc(OC(C)C)c23)c(Cl)cn1,1.5440678596496582
Clc1ccc2c(c1Nc1ncnc3cc(OCCCN4CCOCC4)ccc13)OCO2,COc1cnc(Cl)c(Nc2ncnc3cc(OCCCN4CCOCC4)cc(OC(C)C)c23)c1,1.176091194152832
Clc1ccc2c(c1Nc1ncnc3cc(OCCCN4CCOCC4)ccc13)OCO2,COc1ncc(Cl)c(=Nc2ncnc3cc(OCCN4CCN(C(C)=O)CC4)cc(OC(C)C)c23)[nH]1,1.447157859802246
Clc1ccc2c(c1Nc1ncnc3cc(OCCCN4CCOCC4)ccc13)OCO2,COc1ccc(Cl)c(Nc2ncnc3cc(OCCCN4CCOCC4)cc(OC(C)C)c23)c1,1.176091194152832
Clc1ccc2c(c1Nc1ncnc3cc(OCCCN4CCOCC4)ccc13)OCO2,COc1cnc(Cl)c(Nc2ncnc3cc(OCCCN4CCOCC4)cc(OC4CCOCC4)c23)c1,1.1461281776428223
Clc1ccc2c(c1Nc1ncnc3cc(OCCCN4CCOCC4)ccc13)OCO2,COc1cc(Nc2ncnc3cc(OCCCN4CCOCC4)cc(OC4CCOCC4)c23)c(Cl)cn1,1.6020598411560059
Clc1ccc2c(c1Nc1ncnc3cc(OCCCN4CCOCC4)ccc13)OCO2,Clc1ccc2c(c1Nc1ncnc3cc(OCCN4CCCC4)cc(OC4CCOCC4)c13)OCCO2,1.0413928031921387
Clc1ccc2c(c1Nc1ncnc3cc(OCCCN4CCOCC4)ccc13)OCO2,COc1ccc(Cl)c(Nc2ncnc3cc(OCCCN4CCOCC4)cc(OC4CCOCC4)c23)c1,1.301030158996582
Clc1ccc2c(c1Nc1ncnc3cc(OCCCN4CCOCC4)ccc13)OCO2,COc1ccc(Cl)c(Nc2ncnc3ccc(OCCCN4CCN(C)CC4)c(OC4CCOCC4)c23)c1,1.778151035308838
COc1cc(OC2CCN(C)CC2)c2c(Nc3cccc4c3OCO4)ncnc2c1,COc1cc2c(Nc3c(Cl)ccc4c3OCO4)ncnc2cc1OCc1ccnc(C#N)c1,-1.176091194152832
COc1cc(OC2CCN(C)CC2)c2c(Nc3cccc4c3OCO4)ncnc2c1,CN1CCC(Oc2cc(OCCF)cc3ncnc(Nc4c(Cl)ccc5c4OCO5)c23)CC1,-1.574030876159668
COc1cc(OC2CCN(C)CC2)c2c(Nc3cccc4c3OCO4)ncnc2c1,COc1cc2c(Nc3c(Cl)ccc4c3OCO4)ncnc2cc1OCC1CCN(C)CC1,-1.477121353149414
COc1cc(OC2CCN(C)CC2)c2c(Nc3cccc4c3OCO4)ncnc2c1,COc1cc2c(Nc3c(Cl)ccc4c3OCO4)ncnc2cc1OCCCN1CCCC1,-1.477121353149414
COc1cc(OC2CCN(C)CC2)c2c(Nc3cccc4c3OCO4)ncnc2c1,COc1cc2c(Nc3c(Cl)ccc4c3OCO4)ncnc2cc1OCCCN1CCOCC1,-1.574030876159668
COc1cc(OC2CCN(C)CC2)c2c(Nc3cccc4c3OCO4)ncnc2c1,COc1cc2c(Nc3cccc4c3OCO4)ncnc2cc1OCCCN1CCOCC1,-1.0299630165100098
COc1cc(OC2CCN(C)CC2)c2c(Nc3cccc4c3OCO4)ncnc2c1,COc1ccc(Cl)c(Nc2ncnc3cc(OCC4CCN(C)CC4)c(OC)cc23)c1,-1.176091194152832
COc1cc(OC2CCN(C)CC2)c2c(Nc3cccc4c3OCO4)ncnc2c1,COc1ccc(Cl)c(Nc2ncnc3cc(OCCCN4CCOCC4)c(OC)cc23)c1,-1.176091194152832
COc1cc(OC2CCN(C)CC2)c2c(Nc3cccc4c3OCO4)ncnc2c1,CC(C)Oc1cc(OCCN2CCOCC2)cc2ncnc(Nc3c(Cl)ccc4c3OCO4)c12,-1.477121353149414
COc1cc(OC2CCN(C)CC2)c2c(Nc3cccc4c3OCO4)ncnc2c1,CC(C)COc1cc(OC2CCN(C)CC2)c2c(Nc3c(Cl)ccc4c3OCO4)ncnc2c1,-1.3309926986694336
COc1cc(OC2CCN(C)CC2)c2c(Nc3cccc4c3OCO4)ncnc2c1,Clc1ccc2c(c1Nc1ncnc3cc(OCCN4CCCC4)cc(OC4CCOCC4)c13)OCO2,-1.397939682006836
COc1cc(OC2CCN(C)CC2)c2c(Nc3cccc4c3OCO4)ncnc2c1,Clc1ccc2c(c1Nc1ncnc3cc(OCCOc4ccncc4)cc(OC4CCOCC4)c13)OCO2,-1.698969841003418
COc1cc(OC2CCN(C)CC2)c2c(Nc3cccc4c3OCO4)ncnc2c1,CN1CCC(COc2cc(OC3CCOCC3)c3c(Nc4c(Cl)ccc5c4OCO5)ncnc3c2)CC1,-1.397939682006836
COc1cc(OC2CCN(C)CC2)c2c(Nc3cccc4c3OCO4)ncnc2c1,CN1CCN(CCOc2cc(OC3CCOCC3)c3c(Nc4c(Cl)ccc5c4OCO5)ncnc3c2)CC1,-1.7447271347045898
COc1ccc(Cl)c(Nc2ncnc3ccc(OC)c(OC4CCN(C)CC4)c23)c1,COc1ccc(Cl)c(Nc2ncnc3cc(OC)cc(OC4CCN(C)CC4)c23)c1,-1.255272388458252
COc1ccc(Cl)c(Nc2ncnc3ccc(OC)c(OC4CCN(C)CC4)c23)c1,COc1cc2c(Nc3c(Cl)ccc4c3OCO4)ncnc2cc1OCc1ccnc(C#N)c1,-1.732393741607666
COc1ccc(Cl)c(Nc2ncnc3ccc(OC)c(OC4CCN(C)CC4)c23)c1,CN1CCC(Oc2cc(OCCF)cc3ncnc(Nc4c(Cl)ccc5c4OCO5)c23)CC1,-2.130333423614502
COc1ccc(Cl)c(Nc2ncnc3ccc(OC)c(OC4CCN(C)CC4)c23)c1,COc1cc2c(Nc3c(Cl)ccc4c3OCO4)ncnc2cc1OCC1CCN(C)CC1,-2.033423900604248
COc1ccc(Cl)c(Nc2ncnc3ccc(OC)c(OC4CCN(C)CC4)c23)c1,COc1cc2c(Nc3c(Cl)ccc4c3OCO4)ncnc2cc1OCCCN1CCCC1,-2.033423900604248
COc1ccc(Cl)c(Nc2ncnc3ccc(OC)c(OC4CCN(C)CC4)c23)c1,COc1cc(OCCCN2CCCC2)cc2ncnc(Nc3c(Cl)ccc4c3OCO4)c12,-1.556302547454834
COc1ccc(Cl)c(Nc2ncnc3ccc(OC)c(OC4CCN(C)CC4)c23)c1,COc1cc2c(Nc3c(Cl)ccc4c3OCO4)ncnc2cc1OCCCN1CCOCC1,-2.130333423614502
COc1ccc(Cl)c(Nc2ncnc3ccc(OC)c(OC4CCN(C)CC4)c23)c1,COc1cc2ncnc(Nc3c(Cl)ccc4c3OCO4)c2cc1OCCCN1CCOCC1,-1.033423900604248
COc1ccc(Cl)c(Nc2ncnc3ccc(OC)c(OC4CCN(C)CC4)c23)c1,COc1cc2c(Nc3c(F)ccc4c3OCO4)ncnc2cc1OCCCN1CCOCC1,-1.28523588180542
COc1ccc(Cl)c(Nc2ncnc3ccc(OC)c(OC4CCN(C)CC4)c23)c1,COc1cc2c(Nc3cccc4c3OCO4)ncnc2cc1OCCCN1CCOCC1,-1.5862655639648438
COc1ccc(Cl)c(Nc2ncnc3ccc(OC)c(OC4CCN(C)CC4)c23)c1,COc1ccc(Cl)c(Nc2ncnc3cc(OCC4CCN(C)CC4)c(OC)cc23)c1,-1.732393741607666
COc1ccc(Cl)c(Nc2ncnc3ccc(OC)c(OC4CCN(C)CC4)c23)c1,COc1ccc(Cl)c(Nc2ncnc3cc(OCCCN4CCOCC4)c(OC)cc23)c1,-1.732393741607666
COc1ccc(Cl)c(Nc2ncnc3ccc(OC)c(OC4CCN(C)CC4)c23)c1,CC(C)Oc1cc(OCCN2CCOCC2)cc2ncnc(Nc3c(Cl)ccc4c3OCO4)c12,-2.033423900604248
COc1ccc(Cl)c(Nc2ncnc3ccc(OC)c(OC4CCN(C)CC4)c23)c1,COc1ccc(Cl)c(Nc2ncnc3cc(OCCCN4CCOCC4)cc(OC(C)C)c23)n1,-1.255272388458252
COc1ccc(Cl)c(Nc2ncnc3ccc(OC)c(OC4CCN(C)CC4)c23)c1,CC(C)COc1cc(OC2CCN(C)CC2)c2c(Nc3c(Cl)ccc4c3OCO4)ncnc2c1,-1.8872952461242676
COc1ccc(Cl)c(Nc2ncnc3ccc(OC)c(OC4CCN(C)CC4)c23)c1,Clc1ccc2c(c1Nc1ncnc3cc(OCCN4CCCC4)cc(OC4CCOCC4)c13)OCO2,-1.95424222946167
COc1ccc(Cl)c(Nc2ncnc3ccc(OC)c(OC4CCN(C)CC4)c23)c1,CC(=O)N1CCN(CCOc2cc(OC(C)C)c3c(Nc4c(F)ccc5c4OCO5)ncnc3c2)CC1,-1.431363582611084
COc1ccc(Cl)c(Nc2ncnc3ccc(OC)c(OC4CCN(C)CC4)c23)c1,COc1ccc(Cl)c(Nc2ncnc3cc(OCCCN4CCN(C(C)=O)CC4)cc(OC(C)C)c23)n1,-1.431363582611084
COc1ccc(Cl)c(Nc2ncnc3ccc(OC)c(OC4CCN(C)CC4)c23)c1,Clc1ccc2c(c1Nc1ncnc3cc(OCCOc4ccncc4)cc(OC4CCOCC4)c13)OCO2,-2.255272388458252
COc1ccc(Cl)c(Nc2ncnc3ccc(OC)c(OC4CCN(C)CC4)c23)c1,CN1CCC(COc2cc(OC3CCOCC3)c3c(Nc4c(Cl)ccc5c4OCO5)ncnc3c2)CC1,-1.95424222946167
COc1ccc(Cl)c(Nc2ncnc3ccc(OC)c(OC4CCN(C)CC4)c23)c1,CN1CCN(CCOc2cc(OC3CCOCC3)c3c(Nc4c(Cl)ccc5c4OCO5)ncnc3c2)CC1,-2.301029682159424
COc1ccc(Cl)c(Nc2ncnc3ccc(OC)c(OC4CCN(C)CC4)c23)c1,c1cc(Nc2ncnc3cc(OCCCN4CCCC4)cc(OC4CCOCC4)c23)c2c(c1)OCO2,-1.1303339004516602
COc1ccc(Cl)c(Nc2ncnc3ccc(OC)c(OC4CCN(C)CC4)c23)c1,COc1ccc(Cl)c(Nc2ncnc3cc(OCCCN4CCOCC4)cc(OC4CCCCC4)c23)c1,-1.431363582611084
COc1ccc(Cl)c(Nc2ncnc3cc(OC)cc(OC4CCN(C)CC4)c23)c1,COc1cc(OC2CCN(C)CC2)c2c(Nc3cccc4c3OCCO4)ncnc2c1,1.2787532806396484
COc1ccc(Cl)c(Nc2ncnc3cc(OC)cc(OC4CCN(C)CC4)c23)c1,COc1cc2c(Nc3ccc4c(c3)OCO4)ncnc2cc1OCCCN1CCOCC1,1.4036922454833984
COc1ccc(Cl)c(Nc2ncnc3cc(OC)cc(OC4CCN(C)CC4)c23)c1,COc1ccccc1Nc1ncnc2cc(OCCCN3CCOCC3)c(OC)cc12,1.271066665649414
COc1ccc(Cl)c(Nc2ncnc3cc(OC)cc(OC4CCN(C)CC4)c23)c1,COc1cc2c(Nc3cccc4c3OCCO4)ncnc2cc1OCCCN1CCOCC1,1.0910801887512207
COc1ccc(Cl)c(Nc2ncnc3cc(OC)cc(OC4CCN(C)CC4)c23)c1,CCOc1ccc(Cl)c(Nc2ncnc3cc(OCCCN4CCOCC4)c(OC)cc23)c1,1.506505012512207
COc1ccc(Cl)c(Nc2ncnc3cc(OC)cc(OC4CCN(C)CC4)c23)c1,COc1cc(Nc2ncnc3cc(OCCCN4CCOCC4)cc(OC(C)C)c23)c(Cl)cn1,1.0669465065002441
COc1ccc(Cl)c(Nc2ncnc3cc(OC)cc(OC4CCN(C)CC4)c23)c1,COc1cc(Nc2ncnc3cc(OCCCN4CCOCC4)cc(OC4CCOCC4)c23)c(Cl)cn1,1.1249384880065918
COc1ccc(Cl)c(Nc2ncnc3cc(OC)cc(OC4CCN(C)CC4)c23)c1,CN1CCN(CCOc2cc(OC3CCOCC3)c3c(Nc4c(Cl)ccc5c4OCO5)ncnc3c2)CC1,-1.0457572937011719
COc1ccc(Cl)c(Nc2ncnc3cc(OC)cc(OC4CCN(C)CC4)c23)c1,COc1ccc(Cl)c(Nc2ncnc3ccc(OCCCN4CCN(C)CC4)c(OC4CCOCC4)c23)c1,1.3010296821594238
COc1cc2c(Nc3c(Cl)ccc4c3OCO4)ncnc2cc1OCc1ccnc(C#N)c1,COc1cc2c(Nc3cccc4c3OC(F)(F)O4)ncnc2cc1OCCCN1CCOCC1,1.431363582611084
COc1cc2c(Nc3c(Cl)ccc4c3OCO4)ncnc2cc1OCc1ccnc(C#N)c1,COc1cc(OC2CCN(C)CC2)c2c(Nc3cccc4c3OCCO4)ncnc2c1,1.7558746337890625
COc1cc2c(Nc3c(Cl)ccc4c3OCO4)ncnc2cc1OCc1ccnc(C#N)c1,COc1cc2c(Nc3ccc4c(c3)OCO4)ncnc2cc1OCCCN1CCOCC1,1.8808135986328125
COc1cc2c(Nc3c(Cl)ccc4c3OCO4)ncnc2cc1OCc1ccnc(C#N)c1,COc1ccc(Cl)c(Nc2ncnc3cc(OC)cc(OCCCN4CCOCC4)c23)c1,1.3617277145385742
COc1cc2c(Nc3c(Cl)ccc4c3OCO4)ncnc2cc1OCc1ccnc(C#N)c1,COc1ccc(Cl)c(Nc2ncnc3cc(OCCN4CCCC4)cc(OC(C)C)c23)n1,1.07918119430542
COc1cc2c(Nc3c(Cl)ccc4c3OCO4)ncnc2cc1OCc1ccnc(C#N)c1,COc1ccc(Cl)c(Nc2ncnc3cc(OCCN4CCOCC4)cc(OC(C)C)c23)n1,1.07918119430542
COc1cc2c(Nc3c(Cl)ccc4c3OCO4)ncnc2cc1OCc1ccnc(C#N)c1,COc1ccccc1Nc1ncnc2cc(OCCCN3CCOCC3)c(OC)cc12,1.7481880187988281
COc1cc2c(Nc3c(Cl)ccc4c3OCO4)ncnc2cc1OCc1ccnc(C#N)c1,COc1cc2c(Nc3cccc4c3OCCO4)ncnc2cc1OCCCN1CCOCC1,1.5682015419006348
COc1cc2c(Nc3c(Cl)ccc4c3OCO4)ncnc2cc1OCc1ccnc(C#N)c1,CCOc1ccc(Cl)c(Nc2ncnc3cc(OCCCN4CCOCC4)c(OC)cc23)c1,1.983626365661621
COc1cc2c(Nc3c(Cl)ccc4c3OCO4)ncnc2cc1OCc1ccnc(C#N)c1,COc1cc(Nc2ncnc3cc(OCCCN4CCOCC4)cc(OC(C)C)c23)c(Cl)cn1,1.5440678596496582
COc1cc2c(Nc3c(Cl)ccc4c3OCO4)ncnc2cc1OCc1ccnc(C#N)c1,COc1cnc(Cl)c(Nc2ncnc3cc(OCCCN4CCOCC4)cc(OC(C)C)c23)c1,1.176091194152832
COc1cc2c(Nc3c(Cl)ccc4c3OCO4)ncnc2cc1OCc1ccnc(C#N)c1,COc1ncc(Cl)c(=Nc2ncnc3cc(OCCN4CCN(C(C)=O)CC4)cc(OC(C)C)c23)[nH]1,1.447157859802246
COc1cc2c(Nc3c(Cl)ccc4c3OCO4)ncnc2cc1OCc1ccnc(C#N)c1,COc1ccc(Cl)c(Nc2ncnc3cc(OCCCN4CCOCC4)cc(OC(C)C)c23)c1,1.176091194152832
COc1cc2c(Nc3c(Cl)ccc4c3OCO4)ncnc2cc1OCc1ccnc(C#N)c1,COc1cnc(Cl)c(Nc2ncnc3cc(OCCCN4CCOCC4)cc(OC4CCOCC4)c23)c1,1.1461281776428223
COc1cc2c(Nc3c(Cl)ccc4c3OCO4)ncnc2cc1OCc1ccnc(C#N)c1,COc1cc(Nc2ncnc3cc(OCCCN4CCOCC4)cc(OC4CCOCC4)c23)c(Cl)cn1,1.6020598411560059
COc1cc2c(Nc3c(Cl)ccc4c3OCO4)ncnc2cc1OCc1ccnc(C#N)c1,Clc1ccc2c(c1Nc1ncnc3cc(OCCN4CCCC4)cc(OC4CCOCC4)c13)OCCO2,1.0413928031921387
COc1cc2c(Nc3c(Cl)ccc4c3OCO4)ncnc2cc1OCc1ccnc(C#N)c1,COc1ccc(Cl)c(Nc2ncnc3cc(OCCCN4CCOCC4)cc(OC4CCOCC4)c23)c1,1.301030158996582
COc1cc2c(Nc3c(Cl)ccc4c3OCO4)ncnc2cc1OCc1ccnc(C#N)c1,COc1ccc(Cl)c(Nc2ncnc3ccc(OCCCN4CCN(C)CC4)c(OC4CCOCC4)c23)c1,1.778151035308838
CN1CCC(Oc2cc(OCCF)cc3ncnc(Nc4c(Cl)ccc5c4OCO5)c23)CC1,COCCOc1cc2ncnc(Nc3c(Cl)ccc4c3OCO4)c2cc1N=C(O)[C@@H]1CCCN1,1.3473296165466309
CN1CCC(Oc2cc(OCCF)cc3ncnc(Nc4c(Cl)ccc5c4OCO5)c23)CC1,COc1cc2c(Nc3cccc4c3OC(F)(F)O4)ncnc2cc1OCCCN1CCOCC1,1.82930326461792
CN1CCC(Oc2cc(OCCF)cc3ncnc(Nc4c(Cl)ccc5c4OCO5)c23)CC1,COc1cc2ncnc(Nc3c(Cl)ccc4c3OCO4)c2cc1OCCCN1CCOCC1,1.096909523010254
CN1CCC(Oc2cc(OCCF)cc3ncnc(Nc4c(Cl)ccc5c4OCO5)c23)CC1,COc1cc(OC2CCN(C)CC2)c2c(Nc3cccc4c3OCCO4)ncnc2c1,2.1538143157958984
CN1CCC(Oc2cc(OCCF)cc3ncnc(Nc4c(Cl)ccc5c4OCO5)c23)CC1,COc1cc2c(Nc3ccc4c(c3)OCO4)ncnc2cc1OCCCN1CCOCC1,2.2787532806396484
CN1CCC(Oc2cc(OCCF)cc3ncnc(Nc4c(Cl)ccc5c4OCO5)c23)CC1,COc1ccc(Cl)c(Nc2ncnc3cc(OC)cc(OCCCN4CCOCC4)c23)c1,1.7596673965454102
CN1CCC(Oc2cc(OCCF)cc3ncnc(Nc4c(Cl)ccc5c4OCO5)c23)CC1,COc1ccc(Cl)c(Nc2ncnc3cc(OCCN4CCCC4)cc(OC(C)C)c23)n1,1.4771208763122559
CN1CCC(Oc2cc(OCCF)cc3ncnc(Nc4c(Cl)ccc5c4OCO5)c23)CC1,COc1ccc(Cl)c(Nc2ncnc3cc(OCCN4CCOCC4)cc(OC(C)C)c23)n1,1.4771208763122559
CN1CCC(Oc2cc(OCCF)cc3ncnc(Nc4c(Cl)ccc5c4OCO5)c23)CC1,COc1ccccc1Nc1ncnc2cc(OCCCN3CCOCC3)c(OC)cc12,2.146127700805664
CN1CCC(Oc2cc(OCCF)cc3ncnc(Nc4c(Cl)ccc5c4OCO5)c23)CC1,CC(C)Oc1cc(OC2CCN(C)CC2)c2c(Nc3c(Cl)ccc4c3OCO4)ncnc2c1,1.397939682006836
CN1CCC(Oc2cc(OCCF)cc3ncnc(Nc4c(Cl)ccc5c4OCO5)c23)CC1,COc1cc2c(Nc3cccc4c3OCCO4)ncnc2cc1OCCCN1CCOCC1,1.9661412239074707
CN1CCC(Oc2cc(OCCF)cc3ncnc(Nc4c(Cl)ccc5c4OCO5)c23)CC1,CCOc1ccc(Cl)c(Nc2ncnc3cc(OCCCN4CCOCC4)c(OC)cc23)c1,2.381566047668457
CN1CCC(Oc2cc(OCCF)cc3ncnc(Nc4c(Cl)ccc5c4OCO5)c23)CC1,COc1ccc(Cl)c(Nc2ncnc3cc(OCCCN4CCCC4)cc(OC(C)C)c23)n1,1.2430377006530762
CN1CCC(Oc2cc(OCCF)cc3ncnc(Nc4c(Cl)ccc5c4OCO5)c23)CC1,COc1cc(Nc2ncnc3cc(OCCCN4CCOCC4)cc(OC(C)C)c23)c(Cl)cn1,1.9420075416564941
CN1CCC(Oc2cc(OCCF)cc3ncnc(Nc4c(Cl)ccc5c4OCO5)c23)CC1,COc1cnc(Cl)c(Nc2ncnc3cc(OCCCN4CCOCC4)cc(OC(C)C)c23)c1,1.574030876159668
CN1CCC(Oc2cc(OCCF)cc3ncnc(Nc4c(Cl)ccc5c4OCO5)c23)CC1,COc1ncc(Cl)c(=Nc2ncnc3cc(OCCN4CCN(C(C)=O)CC4)cc(OC(C)C)c23)[nH]1,1.845097541809082
CN1CCC(Oc2cc(OCCF)cc3ncnc(Nc4c(Cl)ccc5c4OCO5)c23)CC1,COc1ccc(Cl)c(Nc2ncnc3cc(OCCN4CCN(C)CC4)cc(OC(C)C)c23)n1,1.2430377006530762
CN1CCC(Oc2cc(OCCF)cc3ncnc(Nc4c(Cl)ccc5c4OCO5)c23)CC1,Clc1ccc2c(c1Nc1ncnc3cc(OCCN4CCCC4)cc(N4CCOCC4)c13)OCO2,1.273000717163086
CN1CCC(Oc2cc(OCCF)cc3ncnc(Nc4c(Cl)ccc5c4OCO5)c23)CC1,COc1ccc(Cl)c(Nc2ncnc3cc(OCCCN4CCOCC4)cc(OC(C)C)c23)c1,1.574030876159668
CN1CCC(Oc2cc(OCCF)cc3ncnc(Nc4c(Cl)ccc5c4OCO5)c23)CC1,COc1ccc(Cl)c(Nc2ncnc3cc(OCCN4CCN(C(C)=O)CC4)cc(OC(C)C)c23)n1,1.1760907173156738
CN1CCC(Oc2cc(OCCF)cc3ncnc(Nc4c(Cl)ccc5c4OCO5)c23)CC1,COc1ccc(Cl)c(Nc2ncnc3cc(OCCCN4CCN(C)CC4)cc(OC(C)C)c23)n1,1.1760907173156738
CN1CCC(Oc2cc(OCCF)cc3ncnc(Nc4c(Cl)ccc5c4OCO5)c23)CC1,c1cc(Nc2ncnc3cc(OCCN4CCCC4)cc(OC4CCOCC4)c23)c2c(c1)OCO2,1.3010296821594238
CN1CCC(Oc2cc(OCCF)cc3ncnc(Nc4c(Cl)ccc5c4OCO5)c23)CC1,COc1cnc(Cl)c(Nc2ncnc3cc(OCCCN4CCOCC4)cc(OC4CCOCC4)c23)c1,1.5440678596496582
CN1CCC(Oc2cc(OCCF)cc3ncnc(Nc4c(Cl)ccc5c4OCO5)c23)CC1,COc1ccc(Cl)c(Nc2ncnc3cc(OCCCN4CCOCC4)cc(OC4CCOCC4)c23)n1,1.2430377006530762
CN1CCC(Oc2cc(OCCF)cc3ncnc(Nc4c(Cl)ccc5c4OCO5)c23)CC1,COc1cc(Nc2ncnc3cc(OCCCN4CCOCC4)cc(OC4CCOCC4)c23)c(Cl)cn1,1.9999995231628418
CN1CCC(Oc2cc(OCCF)cc3ncnc(Nc4c(Cl)ccc5c4OCO5)c23)CC1,Clc1ccc2c(c1Nc1ncnc3cc(OCCN4CCCC4)cc(OC4CCOCC4)c13)OCCO2,1.4393324851989746
CN1CCC(Oc2cc(OCCF)cc3ncnc(Nc4c(Cl)ccc5c4OCO5)c23)CC1,c1cc(Nc2ncnc3cc(OCCN4CCCC4)cc(OC4CCOCC4)c23)c2c(c1)OCCO2,1.3273587226867676
CN1CCC(Oc2cc(OCCF)cc3ncnc(Nc4c(Cl)ccc5c4OCO5)c23)CC1,COc1ccc(Cl)c(Nc2ncnc3cc(OCCCN4CCOCC4)cc(OC4CCOCC4)c23)c1,1.698969841003418
CN1CCC(Oc2cc(OCCF)cc3ncnc(Nc4c(Cl)ccc5c4OCO5)c23)CC1,CN1CCN(CCOc2cc(OC3CCOCC3)c3c(Nc4c(Cl)ccc5c4OCCO5)ncnc3c2)CC1,1.210853099822998
CN1CCC(Oc2cc(OCCF)cc3ncnc(Nc4c(Cl)ccc5c4OCO5)c23)CC1,COc1ccc(Cl)c(Nc2ncnc3ccc(OCCCN4CCN(C)CC4)c(OC4CCOCC4)c23)c1,2.176090717315674
COCCOc1cc2ncnc(Nc3c(Cl)ccc4c3OCO4)c2cc1N=C(O)[C@@H]1CCCN1,COc1cc2c(Nc3c(Cl)ccc4c3OCO4)ncnc2cc1OCC1CCN(C)CC1,-1.250420093536377
COCCOc1cc2ncnc(Nc3c(Cl)ccc4c3OCO4)c2cc1N=C(O)[C@@H]1CCCN1,COc1cc2c(Nc3c(Cl)ccc4c3OCO4)ncnc2cc1OCCCN1CCCC1,-1.250420093536377
COCCOc1cc2ncnc(Nc3c(Cl)ccc4c3OCO4)c2cc1N=C(O)[C@@H]1CCCN1,COc1cc2c(Nc3c(Cl)ccc4c3OCO4)ncnc2cc1OCCCN1CCOCC1,-1.3473296165466309
COCCOc1cc2ncnc(Nc3c(Cl)ccc4c3OCO4)c2cc1N=C(O)[C@@H]1CCCN1,CC(C)Oc1cc(OCCN2CCOCC2)cc2ncnc(Nc3c(Cl)ccc4c3OCO4)c12,-1.250420093536377
COCCOc1cc2ncnc(Nc3c(Cl)ccc4c3OCO4)c2cc1N=C(O)[C@@H]1CCCN1,CCOc1ccc(Cl)c(Nc2ncnc3cc(OCCCN4CCOCC4)c(OC)cc23)c1,1.0342364311218262
COCCOc1cc2ncnc(Nc3c(Cl)ccc4c3OCO4)c2cc1N=C(O)[C@@H]1CCCN1,CC(C)COc1cc(OC2CCN(C)CC2)c2c(Nc3c(Cl)ccc4c3OCO4)ncnc2c1,-1.1042914390563965
COCCOc1cc2ncnc(Nc3c(Cl)ccc4c3OCO4)c2cc1N=C(O)[C@@H]1CCCN1,Clc1ccc2c(c1Nc1ncnc3cc(OCCN4CCCC4)cc(OC4CCOCC4)c13)OCO2,-1.1712384223937988
COCCOc1cc2ncnc(Nc3c(Cl)ccc4c3OCO4)c2cc1N=C(O)[C@@H]1CCCN1,Clc1ccc2c(c1Nc1ncnc3cc(OCCOc4ccncc4)cc(OC4CCOCC4)c13)OCO2,-1.4722685813903809
COCCOc1cc2ncnc(Nc3c(Cl)ccc4c3OCO4)c2cc1N=C(O)[C@@H]1CCCN1,CN1CCC(COc2cc(OC3CCOCC3)c3c(Nc4c(Cl)ccc5c4OCO5)ncnc3c2)CC1,-1.1712384223937988
COCCOc1cc2ncnc(Nc3c(Cl)ccc4c3OCO4)c2cc1N=C(O)[C@@H]1CCCN1,CN1CCN(CCOc2cc(OC3CCOCC3)c3c(Nc4c(Cl)ccc5c4OCO5)ncnc3c2)CC1,-1.5180258750915527
COc1cc2c(Nc3cccc4c3OC(F)(F)O4)ncnc2cc1OCCCN1CCOCC1,COc1cc2c(Nc3c(Cl)ccc4c3OCO4)ncnc2cc1OCC1CCN(C)CC1,-1.732393741607666
COc1cc2c(Nc3cccc4c3OC(F)(F)O4)ncnc2cc1OCCCN1CCOCC1,COc1cc2c(Nc3c(Cl)ccc4c3OCO4)ncnc2cc1OCCCN1CCCC1,-1.732393741607666
COc1cc2c(Nc3cccc4c3OC(F)(F)O4)ncnc2cc1OCCCN1CCOCC1,COc1cc(OCCCN2CCCC2)cc2ncnc(Nc3c(Cl)ccc4c3OCO4)c12,-1.255272388458252
COc1cc2c(Nc3cccc4c3OC(F)(F)O4)ncnc2cc1OCCCN1CCOCC1,COc1cc2c(Nc3c(Cl)ccc4c3OCO4)ncnc2cc1OCCCN1CCOCC1,-1.82930326461792
COc1cc2c(Nc3cccc4c3OC(F)(F)O4)ncnc2cc1OCCCN1CCOCC1,COc1cc2c(Nc3cccc4c3OCO4)ncnc2cc1OCCCN1CCOCC1,-1.2852354049682617
COc1cc2c(Nc3cccc4c3OC(F)(F)O4)ncnc2cc1OCCCN1CCOCC1,COc1ccc(Cl)c(Nc2ncnc3cc(OCC4CCN(C)CC4)c(OC)cc23)c1,-1.431363582611084
COc1cc2c(Nc3cccc4c3OC(F)(F)O4)ncnc2cc1OCCCN1CCOCC1,COc1ccc(Cl)c(Nc2ncnc3cc(OCCCN4CCOCC4)c(OC)cc23)c1,-1.431363582611084
COc1cc2c(Nc3cccc4c3OC(F)(F)O4)ncnc2cc1OCCCN1CCOCC1,CC(C)Oc1cc(OCCN2CCOCC2)cc2ncnc(Nc3c(Cl)ccc4c3OCO4)c12,-1.732393741607666
COc1cc2c(Nc3cccc4c3OC(F)(F)O4)ncnc2cc1OCCCN1CCOCC1,CC(C)COc1cc(OC2CCN(C)CC2)c2c(Nc3c(Cl)ccc4c3OCO4)ncnc2c1,-1.5862650871276855
COc1cc2c(Nc3cccc4c3OC(F)(F)O4)ncnc2cc1OCCCN1CCOCC1,Clc1ccc2c(c1Nc1ncnc3cc(OCCN4CCCC4)cc(OC4CCOCC4)c13)OCO2,-1.653212070465088
COc1cc2c(Nc3cccc4c3OC(F)(F)O4)ncnc2cc1OCCCN1CCOCC1,CC(=O)N1CCN(CCOc2cc(OC(C)C)c3c(Nc4c(F)ccc5c4OCO5)ncnc3c2)CC1,-1.130333423614502
COc1cc2c(Nc3cccc4c3OC(F)(F)O4)ncnc2cc1OCCCN1CCOCC1,COc1ccc(Cl)c(Nc2ncnc3cc(OCCCN4CCN(C(C)=O)CC4)cc(OC(C)C)c23)n1,-1.130333423614502
COc1cc2c(Nc3cccc4c3OC(F)(F)O4)ncnc2cc1OCCCN1CCOCC1,Clc1ccc2c(c1Nc1ncnc3cc(OCCOc4ccncc4)cc(OC4CCOCC4)c13)OCO2,-1.95424222946167
COc1cc2c(Nc3cccc4c3OC(F)(F)O4)ncnc2cc1OCCCN1CCOCC1,CN1CCC(COc2cc(OC3CCOCC3)c3c(Nc4c(Cl)ccc5c4OCO5)ncnc3c2)CC1,-1.653212070465088
COc1cc2c(Nc3cccc4c3OC(F)(F)O4)ncnc2cc1OCCCN1CCOCC1,CN1CCN(CCOc2cc(OC3CCOCC3)c3c(Nc4c(Cl)ccc5c4OCO5)ncnc3c2)CC1,-1.9999995231628418
COc1cc2c(Nc3cccc4c3OC(F)(F)O4)ncnc2cc1OCCCN1CCOCC1,COc1ccc(Cl)c(Nc2ncnc3cc(OCCCN4CCOCC4)cc(OC4CCCCC4)c23)c1,-1.130333423614502
COc1cc2c(Nc3c(Cl)ccc4c3OCO4)ncnc2cc1OCC1CCN(C)CC1,COc1cc(OC2CCN(C)CC2)c2c(Nc3cccc4c3OCCO4)ncnc2c1,2.0569047927856445
COc1cc2c(Nc3c(Cl)ccc4c3OCO4)ncnc2cc1OCC1CCN(C)CC1,COc1cc2c(Nc3ccc4c(c3)OCO4)ncnc2cc1OCCCN1CCOCC1,2.1818437576293945
COc1cc2c(Nc3c(Cl)ccc4c3OCO4)ncnc2cc1OCC1CCN(C)CC1,COc1ccc(Cl)c(Nc2ncnc3cc(OC)cc(OCCCN4CCOCC4)c23)c1,1.6627578735351562
COc1cc2c(Nc3c(Cl)ccc4c3OCO4)ncnc2cc1OCC1CCN(C)CC1,COc1ccc(Cl)c(Nc2ncnc3cc(OCCN4CCCC4)cc(OC(C)C)c23)n1,1.380211353302002
COc1cc2c(Nc3c(Cl)ccc4c3OCO4)ncnc2cc1OCC1CCN(C)CC1,COc1ccc(Cl)c(Nc2ncnc3cc(OCCN4CCOCC4)cc(OC(C)C)c23)n1,1.380211353302002
COc1cc2c(Nc3c(Cl)ccc4c3OCO4)ncnc2cc1OCC1CCN(C)CC1,COc1ccccc1Nc1ncnc2cc(OCCCN3CCOCC3)c(OC)cc12,2.04921817779541
COc1cc2c(Nc3c(Cl)ccc4c3OCO4)ncnc2cc1OCC1CCN(C)CC1,CC(C)Oc1cc(OC2CCN(C)CC2)c2c(Nc3c(Cl)ccc4c3OCO4)ncnc2c1,1.301030158996582
COc1cc2c(Nc3c(Cl)ccc4c3OCO4)ncnc2cc1OCC1CCN(C)CC1,COc1cc2c(Nc3cccc4c3OCCO4)ncnc2cc1OCCCN1CCOCC1,1.8692317008972168
COc1cc2c(Nc3c(Cl)ccc4c3OCO4)ncnc2cc1OCC1CCN(C)CC1,CCOc1ccc(Cl)c(Nc2ncnc3cc(OCCCN4CCOCC4)c(OC)cc23)c1,2.284656524658203
COc1cc2c(Nc3c(Cl)ccc4c3OCO4)ncnc2cc1OCC1CCN(C)CC1,COc1ccc(Cl)c(Nc2ncnc3cc(OCCCN4CCCC4)cc(OC(C)C)c23)n1,1.1461281776428223
COc1cc2c(Nc3c(Cl)ccc4c3OCO4)ncnc2cc1OCC1CCN(C)CC1,COc1cc(Nc2ncnc3cc(OCCCN4CCOCC4)cc(OC(C)C)c23)c(Cl)cn1,1.8450980186462402
COc1cc2c(Nc3c(Cl)ccc4c3OCO4)ncnc2cc1OCC1CCN(C)CC1,COc1cnc(Cl)c(Nc2ncnc3cc(OCCCN4CCOCC4)cc(OC(C)C)c23)c1,1.477121353149414
COc1cc2c(Nc3c(Cl)ccc4c3OCO4)ncnc2cc1OCC1CCN(C)CC1,COc1ncc(Cl)c(=Nc2ncnc3cc(OCCN4CCN(C(C)=O)CC4)cc(OC(C)C)c23)[nH]1,1.7481880187988281
COc1cc2c(Nc3c(Cl)ccc4c3OCO4)ncnc2cc1OCC1CCN(C)CC1,COc1ccc(Cl)c(Nc2ncnc3cc(OCCN4CCN(C)CC4)cc(OC(C)C)c23)n1,1.1461281776428223
COc1cc2c(Nc3c(Cl)ccc4c3OCO4)ncnc2cc1OCC1CCN(C)CC1,Clc1ccc2c(c1Nc1ncnc3cc(OCCN4CCCC4)cc(N4CCOCC4)c13)OCO2,1.176091194152832
COc1cc2c(Nc3c(Cl)ccc4c3OCO4)ncnc2cc1OCC1CCN(C)CC1,COc1ccc(Cl)c(Nc2ncnc3cc(OCCCN4CCOCC4)cc(OC(C)C)c23)c1,1.477121353149414
COc1cc2c(Nc3c(Cl)ccc4c3OCO4)ncnc2cc1OCC1CCN(C)CC1,COc1ccc(Cl)c(Nc2ncnc3cc(OCCN4CCN(C(C)=O)CC4)cc(OC(C)C)c23)n1,1.07918119430542
COc1cc2c(Nc3c(Cl)ccc4c3OCO4)ncnc2cc1OCC1CCN(C)CC1,COc1ccc(Cl)c(Nc2ncnc3cc(OCCCN4CCN(C)CC4)cc(OC(C)C)c23)n1,1.07918119430542
COc1cc2c(Nc3c(Cl)ccc4c3OCO4)ncnc2cc1OCC1CCN(C)CC1,c1cc(Nc2ncnc3cc(OCCN4CCCC4)cc(OC4CCOCC4)c23)c2c(c1)OCO2,1.20412015914917
COc1cc2c(Nc3c(Cl)ccc4c3OCO4)ncnc2cc1OCC1CCN(C)CC1,COc1cnc(Cl)c(Nc2ncnc3cc(OCCCN4CCOCC4)cc(OC4CCOCC4)c23)c1,1.4471583366394043
COc1cc2c(Nc3c(Cl)ccc4c3OCO4)ncnc2cc1OCC1CCN(C)CC1,COc1ccc(Cl)c(Nc2ncnc3cc(OCCCN4CCOCC4)cc(OC4CCOCC4)c23)n1,1.1461281776428223
COc1cc2c(Nc3c(Cl)ccc4c3OCO4)ncnc2cc1OCC1CCN(C)CC1,COc1cc(Nc2ncnc3cc(OCCCN4CCOCC4)cc(OC4CCOCC4)c23)c(Cl)cn1,1.903090000152588
COc1cc2c(Nc3c(Cl)ccc4c3OCO4)ncnc2cc1OCC1CCN(C)CC1,Clc1ccc2c(c1Nc1ncnc3cc(OCCN4CCCC4)cc(OC4CCOCC4)c13)OCCO2,1.3424229621887207
COc1cc2c(Nc3c(Cl)ccc4c3OCO4)ncnc2cc1OCC1CCN(C)CC1,c1cc(Nc2ncnc3cc(OCCN4CCCC4)cc(OC4CCOCC4)c23)c2c(c1)OCCO2,1.2304491996765137
COc1cc2c(Nc3c(Cl)ccc4c3OCO4)ncnc2cc1OCC1CCN(C)CC1,COc1ccc(Cl)c(Nc2ncnc3cc(OCCCN4CCOCC4)cc(OC4CCOCC4)c23)c1,1.602060317993164
COc1cc2c(Nc3c(Cl)ccc4c3OCO4)ncnc2cc1OCC1CCN(C)CC1,CN1CCN(CCOc2cc(OC3CCOCC3)c3c(Nc4c(Cl)ccc5c4OCCO5)ncnc3c2)CC1,1.1139435768127441
COc1cc2c(Nc3c(Cl)ccc4c3OCO4)ncnc2cc1OCC1CCN(C)CC1,COc1ccc(Cl)c(Nc2ncnc3ccc(OCCCN4CCN(C)CC4)c(OC4CCOCC4)c23)c1,2.07918119430542
COc1cc2c(Nc3c(Cl)ccc4c3OCO4)ncnc2cc1OCCCN1CCCC1,COc1cc(OC2CCN(C)CC2)c2c(Nc3cccc4c3OCCO4)ncnc2c1,2.0569047927856445
COc1cc2c(Nc3c(Cl)ccc4c3OCO4)ncnc2cc1OCCCN1CCCC1,COc1cc2c(Nc3ccc4c(c3)OCO4)ncnc2cc1OCCCN1CCOCC1,2.1818437576293945
COc1cc2c(Nc3c(Cl)ccc4c3OCO4)ncnc2cc1OCCCN1CCCC1,COc1ccc(Cl)c(Nc2ncnc3cc(OC)cc(OCCCN4CCOCC4)c23)c1,1.6627578735351562
COc1cc2c(Nc3c(Cl)ccc4c3OCO4)ncnc2cc1OCCCN1CCCC1,COc1ccc(Cl)c(Nc2ncnc3cc(OCCN4CCCC4)cc(OC(C)C)c23)n1,1.380211353302002
COc1cc2c(Nc3c(Cl)ccc4c3OCO4)ncnc2cc1OCCCN1CCCC1,COc1ccc(Cl)c(Nc2ncnc3cc(OCCN4CCOCC4)cc(OC(C)C)c23)n1,1.380211353302002
COc1cc2c(Nc3c(Cl)ccc4c3OCO4)ncnc2cc1OCCCN1CCCC1,COc1ccccc1Nc1ncnc2cc(OCCCN3CCOCC3)c(OC)cc12,2.04921817779541
COc1cc2c(Nc3c(Cl)ccc4c3OCO4)ncnc2cc1OCCCN1CCCC1,CC(C)Oc1cc(OC2CCN(C)CC2)c2c(Nc3c(Cl)ccc4c3OCO4)ncnc2c1,1.301030158996582
COc1cc2c(Nc3c(Cl)ccc4c3OCO4)ncnc2cc1OCCCN1CCCC1,COc1cc2c(Nc3cccc4c3OCCO4)ncnc2cc1OCCCN1CCOCC1,1.8692317008972168
COc1cc2c(Nc3c(Cl)ccc4c3OCO4)ncnc2cc1OCCCN1CCCC1,CCOc1ccc(Cl)c(Nc2ncnc3cc(OCCCN4CCOCC4)c(OC)cc23)c1,2.284656524658203
COc1cc2c(Nc3c(Cl)ccc4c3OCO4)ncnc2cc1OCCCN1CCCC1,COc1ccc(Cl)c(Nc2ncnc3cc(OCCCN4CCCC4)cc(OC(C)C)c23)n1,1.1461281776428223
COc1cc2c(Nc3c(Cl)ccc4c3OCO4)ncnc2cc1OCCCN1CCCC1,COc1cc(Nc2ncnc3cc(OCCCN4CCOCC4)cc(OC(C)C)c23)c(Cl)cn1,1.8450980186462402
COc1cc2c(Nc3c(Cl)ccc4c3OCO4)ncnc2cc1OCCCN1CCCC1,COc1cnc(Cl)c(Nc2ncnc3cc(OCCCN4CCOCC4)cc(OC(C)C)c23)c1,1.477121353149414
COc1cc2c(Nc3c(Cl)ccc4c3OCO4)ncnc2cc1OCCCN1CCCC1,COc1ncc(Cl)c(=Nc2ncnc3cc(OCCN4CCN(C(C)=O)CC4)cc(OC(C)C)c23)[nH]1,1.7481880187988281
COc1cc2c(Nc3c(Cl)ccc4c3OCO4)ncnc2cc1OCCCN1CCCC1,COc1ccc(Cl)c(Nc2ncnc3cc(OCCN4CCN(C)CC4)cc(OC(C)C)c23)n1,1.1461281776428223
COc1cc2c(Nc3c(Cl)ccc4c3OCO4)ncnc2cc1OCCCN1CCCC1,Clc1ccc2c(c1Nc1ncnc3cc(OCCN4CCCC4)cc(N4CCOCC4)c13)OCO2,1.176091194152832
COc1cc2c(Nc3c(Cl)ccc4c3OCO4)ncnc2cc1OCCCN1CCCC1,COc1ccc(Cl)c(Nc2ncnc3cc(OCCCN4CCOCC4)cc(OC(C)C)c23)c1,1.477121353149414
COc1cc2c(Nc3c(Cl)ccc4c3OCO4)ncnc2cc1OCCCN1CCCC1,COc1ccc(Cl)c(Nc2ncnc3cc(OCCN4CCN(C(C)=O)CC4)cc(OC(C)C)c23)n1,1.07918119430542
COc1cc2c(Nc3c(Cl)ccc4c3OCO4)ncnc2cc1OCCCN1CCCC1,COc1ccc(Cl)c(Nc2ncnc3cc(OCCCN4CCN(C)CC4)cc(OC(C)C)c23)n1,1.07918119430542
COc1cc2c(Nc3c(Cl)ccc4c3OCO4)ncnc2cc1OCCCN1CCCC1,c1cc(Nc2ncnc3cc(OCCN4CCCC4)cc(OC4CCOCC4)c23)c2c(c1)OCO2,1.20412015914917
COc1cc2c(Nc3c(Cl)ccc4c3OCO4)ncnc2cc1OCCCN1CCCC1,COc1cnc(Cl)c(Nc2ncnc3cc(OCCCN4CCOCC4)cc(OC4CCOCC4)c23)c1,1.4471583366394043
COc1cc2c(Nc3c(Cl)ccc4c3OCO4)ncnc2cc1OCCCN1CCCC1,COc1ccc(Cl)c(Nc2ncnc3cc(OCCCN4CCOCC4)cc(OC4CCOCC4)c23)n1,1.1461281776428223
COc1cc2c(Nc3c(Cl)ccc4c3OCO4)ncnc2cc1OCCCN1CCCC1,COc1cc(Nc2ncnc3cc(OCCCN4CCOCC4)cc(OC4CCOCC4)c23)c(Cl)cn1,1.903090000152588
COc1cc2c(Nc3c(Cl)ccc4c3OCO4)ncnc2cc1OCCCN1CCCC1,Clc1ccc2c(c1Nc1ncnc3cc(OCCN4CCCC4)cc(OC4CCOCC4)c13)OCCO2,1.3424229621887207
COc1cc2c(Nc3c(Cl)ccc4c3OCO4)ncnc2cc1OCCCN1CCCC1,c1cc(Nc2ncnc3cc(OCCN4CCCC4)cc(OC4CCOCC4)c23)c2c(c1)OCCO2,1.2304491996765137
COc1cc2c(Nc3c(Cl)ccc4c3OCO4)ncnc2cc1OCCCN1CCCC1,COc1ccc(Cl)c(Nc2ncnc3cc(OCCCN4CCOCC4)cc(OC4CCOCC4)c23)c1,1.602060317993164
COc1cc2c(Nc3c(Cl)ccc4c3OCO4)ncnc2cc1OCCCN1CCCC1,CN1CCN(CCOc2cc(OC3CCOCC3)c3c(Nc4c(Cl)ccc5c4OCCO5)ncnc3c2)CC1,1.1139435768127441
COc1cc2c(Nc3c(Cl)ccc4c3OCO4)ncnc2cc1OCCCN1CCCC1,COc1ccc(Cl)c(Nc2ncnc3ccc(OCCCN4CCN(C)CC4)c(OC4CCOCC4)c23)c1,2.07918119430542
COc1cc(OCCCN2CCCC2)cc2ncnc(Nc3c(Cl)ccc4c3OCO4)c12,COc1cc(OC2CCN(C)CC2)c2c(Nc3cccc4c3OCCO4)ncnc2c1,1.5797834396362305
COc1cc(OCCCN2CCCC2)cc2ncnc(Nc3c(Cl)ccc4c3OCO4)c12,COc1cc2c(Nc3ccc4c(c3)OCO4)ncnc2cc1OCCCN1CCOCC1,1.7047224044799805
COc1cc(OCCCN2CCCC2)cc2ncnc(Nc3c(Cl)ccc4c3OCO4)c12,COc1ccc(Cl)c(Nc2ncnc3cc(OC)cc(OCCCN4CCOCC4)c23)c1,1.1856365203857422
COc1cc(OCCCN2CCCC2)cc2ncnc(Nc3c(Cl)ccc4c3OCO4)c12,COc1ccccc1Nc1ncnc2cc(OCCCN3CCOCC3)c(OC)cc12,1.572096824645996
COc1cc(OCCCN2CCCC2)cc2ncnc(Nc3c(Cl)ccc4c3OCO4)c12,COc1cc2c(Nc3cccc4c3OCCO4)ncnc2cc1OCCCN1CCOCC1,1.3921103477478027
COc1cc(OCCCN2CCCC2)cc2ncnc(Nc3c(Cl)ccc4c3OCO4)c12,CCOc1ccc(Cl)c(Nc2ncnc3cc(OCCCN4CCOCC4)c(OC)cc23)c1,1.807535171508789
COc1cc(OCCCN2CCCC2)cc2ncnc(Nc3c(Cl)ccc4c3OCO4)c12,COc1cc(Nc2ncnc3cc(OCCCN4CCOCC4)cc(OC(C)C)c23)c(Cl)cn1,1.3679766654968262
COc1cc(OCCCN2CCCC2)cc2ncnc(Nc3c(Cl)ccc4c3OCO4)c12,COc1ncc(Cl)c(=Nc2ncnc3cc(OCCN4CCN(C(C)=O)CC4)cc(OC(C)C)c23)[nH]1,1.271066665649414
COc1cc(OCCCN2CCCC2)cc2ncnc(Nc3c(Cl)ccc4c3OCO4)c12,COc1cc(Nc2ncnc3cc(OCCCN4CCOCC4)cc(OC4CCOCC4)c23)c(Cl)cn1,1.4259686470031738
COc1cc(OCCCN2CCCC2)cc2ncnc(Nc3c(Cl)ccc4c3OCO4)c12,COc1ccc(Cl)c(Nc2ncnc3cc(OCCCN4CCOCC4)cc(OC4CCOCC4)c23)c1,1.12493896484375
COc1cc(OCCCN2CCCC2)cc2ncnc(Nc3c(Cl)ccc4c3OCO4)c12,COc1ccc(Cl)c(Nc2ncnc3ccc(OCCCN4CCN(C)CC4)c(OC4CCOCC4)c23)c1,1.6020598411560059
COc1cc2c(Nc3c(Cl)ccc4c3OCO4)ncnc2cc1OCCCN1CCOCC1,COc1cc2ncnc(Nc3c(Cl)ccc4c3OCO4)c2cc1OCCCN1CCOCC1,1.096909523010254
COc1cc2c(Nc3c(Cl)ccc4c3OCO4)ncnc2cc1OCCCN1CCOCC1,COc1cc(OC2CCN(C)CC2)c2c(Nc3cccc4c3OCCO4)ncnc2c1,2.1538143157958984
COc1cc2c(Nc3c(Cl)ccc4c3OCO4)ncnc2cc1OCCCN1CCOCC1,COc1cc2c(Nc3ccc4c(c3)OCO4)ncnc2cc1OCCCN1CCOCC1,2.2787532806396484
COc1cc2c(Nc3c(Cl)ccc4c3OCO4)ncnc2cc1OCCCN1CCOCC1,COc1ccc(Cl)c(Nc2ncnc3cc(OC)cc(OCCCN4CCOCC4)c23)c1,1.7596673965454102
COc1cc2c(Nc3c(Cl)ccc4c3OCO4)ncnc2cc1OCCCN1CCOCC1,COc1ccc(Cl)c(Nc2ncnc3cc(OCCN4CCCC4)cc(OC(C)C)c23)n1,1.4771208763122559
COc1cc2c(Nc3c(Cl)ccc4c3OCO4)ncnc2cc1OCCCN1CCOCC1,COc1ccc(Cl)c(Nc2ncnc3cc(OCCN4CCOCC4)cc(OC(C)C)c23)n1,1.4771208763122559
COc1cc2c(Nc3c(Cl)ccc4c3OCO4)ncnc2cc1OCCCN1CCOCC1,COc1ccccc1Nc1ncnc2cc(OCCCN3CCOCC3)c(OC)cc12,2.146127700805664
COc1cc2c(Nc3c(Cl)ccc4c3OCO4)ncnc2cc1OCCCN1CCOCC1,CC(C)Oc1cc(OC2CCN(C)CC2)c2c(Nc3c(Cl)ccc4c3OCO4)ncnc2c1,1.397939682006836
COc1cc2c(Nc3c(Cl)ccc4c3OCO4)ncnc2cc1OCCCN1CCOCC1,COc1cc2c(Nc3cccc4c3OCCO4)ncnc2cc1OCCCN1CCOCC1,1.9661412239074707
COc1cc2c(Nc3c(Cl)ccc4c3OCO4)ncnc2cc1OCCCN1CCOCC1,CCOc1ccc(Cl)c(Nc2ncnc3cc(OCCCN4CCOCC4)c(OC)cc23)c1,2.381566047668457
COc1cc2c(Nc3c(Cl)ccc4c3OCO4)ncnc2cc1OCCCN1CCOCC1,COc1ccc(Cl)c(Nc2ncnc3cc(OCCCN4CCCC4)cc(OC(C)C)c23)n1,1.2430377006530762
COc1cc2c(Nc3c(Cl)ccc4c3OCO4)ncnc2cc1OCCCN1CCOCC1,COc1cc(Nc2ncnc3cc(OCCCN4CCOCC4)cc(OC(C)C)c23)c(Cl)cn1,1.9420075416564941
COc1cc2c(Nc3c(Cl)ccc4c3OCO4)ncnc2cc1OCCCN1CCOCC1,COc1cnc(Cl)c(Nc2ncnc3cc(OCCCN4CCOCC4)cc(OC(C)C)c23)c1,1.574030876159668
COc1cc2c(Nc3c(Cl)ccc4c3OCO4)ncnc2cc1OCCCN1CCOCC1,COc1ncc(Cl)c(=Nc2ncnc3cc(OCCN4CCN(C(C)=O)CC4)cc(OC(C)C)c23)[nH]1,1.845097541809082
COc1cc2c(Nc3c(Cl)ccc4c3OCO4)ncnc2cc1OCCCN1CCOCC1,COc1ccc(Cl)c(Nc2ncnc3cc(OCCN4CCN(C)CC4)cc(OC(C)C)c23)n1,1.2430377006530762
COc1cc2c(Nc3c(Cl)ccc4c3OCO4)ncnc2cc1OCCCN1CCOCC1,Clc1ccc2c(c1Nc1ncnc3cc(OCCN4CCCC4)cc(N4CCOCC4)c13)OCO2,1.273000717163086
COc1cc2c(Nc3c(Cl)ccc4c3OCO4)ncnc2cc1OCCCN1CCOCC1,COc1ccc(Cl)c(Nc2ncnc3cc(OCCCN4CCOCC4)cc(OC(C)C)c23)c1,1.574030876159668
COc1cc2c(Nc3c(Cl)ccc4c3OCO4)ncnc2cc1OCCCN1CCOCC1,COc1ccc(Cl)c(Nc2ncnc3cc(OCCN4CCN(C(C)=O)CC4)cc(OC(C)C)c23)n1,1.1760907173156738
COc1cc2c(Nc3c(Cl)ccc4c3OCO4)ncnc2cc1OCCCN1CCOCC1,COc1ccc(Cl)c(Nc2ncnc3cc(OCCCN4CCN(C)CC4)cc(OC(C)C)c23)n1,1.1760907173156738
COc1cc2c(Nc3c(Cl)ccc4c3OCO4)ncnc2cc1OCCCN1CCOCC1,c1cc(Nc2ncnc3cc(OCCN4CCCC4)cc(OC4CCOCC4)c23)c2c(c1)OCO2,1.3010296821594238
COc1cc2c(Nc3c(Cl)ccc4c3OCO4)ncnc2cc1OCCCN1CCOCC1,COc1cnc(Cl)c(Nc2ncnc3cc(OCCCN4CCOCC4)cc(OC4CCOCC4)c23)c1,1.5440678596496582
COc1cc2c(Nc3c(Cl)ccc4c3OCO4)ncnc2cc1OCCCN1CCOCC1,COc1ccc(Cl)c(Nc2ncnc3cc(OCCCN4CCOCC4)cc(OC4CCOCC4)c23)n1,1.2430377006530762
COc1cc2c(Nc3c(Cl)ccc4c3OCO4)ncnc2cc1OCCCN1CCOCC1,COc1cc(Nc2ncnc3cc(OCCCN4CCOCC4)cc(OC4CCOCC4)c23)c(Cl)cn1,1.9999995231628418
COc1cc2c(Nc3c(Cl)ccc4c3OCO4)ncnc2cc1OCCCN1CCOCC1,Clc1ccc2c(c1Nc1ncnc3cc(OCCN4CCCC4)cc(OC4CCOCC4)c13)OCCO2,1.4393324851989746
COc1cc2c(Nc3c(Cl)ccc4c3OCO4)ncnc2cc1OCCCN1CCOCC1,c1cc(Nc2ncnc3cc(OCCN4CCCC4)cc(OC4CCOCC4)c23)c2c(c1)OCCO2,1.3273587226867676
COc1cc2c(Nc3c(Cl)ccc4c3OCO4)ncnc2cc1OCCCN1CCOCC1,COc1ccc(Cl)c(Nc2ncnc3cc(OCCCN4CCOCC4)cc(OC4CCOCC4)c23)c1,1.698969841003418
COc1cc2c(Nc3c(Cl)ccc4c3OCO4)ncnc2cc1OCCCN1CCOCC1,CN1CCN(CCOc2cc(OC3CCOCC3)c3c(Nc4c(Cl)ccc5c4OCCO5)ncnc3c2)CC1,1.210853099822998
COc1cc2c(Nc3c(Cl)ccc4c3OCO4)ncnc2cc1OCCCN1CCOCC1,COc1ccc(Cl)c(Nc2ncnc3ccc(OCCCN4CCN(C)CC4)c(OC4CCOCC4)c23)c1,2.176090717315674
COc1cc2ncnc(Nc3c(Cl)ccc4c3OCO4)c2cc1OCCCN1CCOCC1,COc1cc(OC2CCN(C)CC2)c2c(Nc3cccc4c3OCCO4)ncnc2c1,1.0569047927856445
COc1cc2ncnc(Nc3c(Cl)ccc4c3OCO4)c2cc1OCCCN1CCOCC1,COc1cc2c(Nc3ccc4c(c3)OCO4)ncnc2cc1OCCCN1CCOCC1,1.1818437576293945
COc1cc2ncnc(Nc3c(Cl)ccc4c3OCO4)c2cc1OCCCN1CCOCC1,COc1ccccc1Nc1ncnc2cc(OCCCN3CCOCC3)c(OC)cc12,1.0492181777954102
COc1cc2ncnc(Nc3c(Cl)ccc4c3OCO4)c2cc1OCCCN1CCOCC1,CCOc1ccc(Cl)c(Nc2ncnc3cc(OCCCN4CCOCC4)c(OC)cc23)c1,1.2846565246582031
COc1cc2ncnc(Nc3c(Cl)ccc4c3OCO4)c2cc1OCCCN1CCOCC1,Clc1ccc2c(c1Nc1ncnc3cc(OCCOc4ccncc4)cc(OC4CCOCC4)c13)OCO2,-1.221848487854004
COc1cc2ncnc(Nc3c(Cl)ccc4c3OCO4)c2cc1OCCCN1CCOCC1,CN1CCN(CCOc2cc(OC3CCOCC3)c3c(Nc4c(Cl)ccc5c4OCO5)ncnc3c2)CC1,-1.2676057815551758
COc1cc2ncnc(Nc3c(Cl)ccc4c3OCO4)c2cc1OCCCN1CCOCC1,COc1ccc(Cl)c(Nc2ncnc3ccc(OCCCN4CCN(C)CC4)c(OC4CCOCC4)c23)c1,1.07918119430542
COc1cc2c(Nc3c(F)ccc4c3OCO4)ncnc2cc1OCCCN1CCOCC1,COc1cc(OC2CCN(C)CC2)c2c(Nc3cccc4c3OCCO4)ncnc2c1,1.3087167739868164
COc1cc2c(Nc3c(F)ccc4c3OCO4)ncnc2cc1OCCCN1CCOCC1,COc1cc2c(Nc3ccc4c(c3)OCO4)ncnc2cc1OCCCN1CCOCC1,1.4336557388305664
COc1cc2c(Nc3c(F)ccc4c3OCO4)ncnc2cc1OCCCN1CCOCC1,COc1ccccc1Nc1ncnc2cc(OCCCN3CCOCC3)c(OC)cc12,1.301030158996582
COc1cc2c(Nc3c(F)ccc4c3OCO4)ncnc2cc1OCCCN1CCOCC1,COc1cc2c(Nc3cccc4c3OCCO4)ncnc2cc1OCCCN1CCOCC1,1.1210436820983887
COc1cc2c(Nc3c(F)ccc4c3OCO4)ncnc2cc1OCCCN1CCOCC1,CCOc1ccc(Cl)c(Nc2ncnc3cc(OCCCN4CCOCC4)c(OC)cc23)c1,1.536468505859375
COc1cc2c(Nc3c(F)ccc4c3OCO4)ncnc2cc1OCCCN1CCOCC1,COc1cc(Nc2ncnc3cc(OCCCN4CCOCC4)cc(OC(C)C)c23)c(Cl)cn1,1.096909999847412
COc1cc2c(Nc3c(F)ccc4c3OCO4)ncnc2cc1OCCCN1CCOCC1,COc1cc(Nc2ncnc3cc(OCCCN4CCOCC4)cc(OC4CCOCC4)c23)c(Cl)cn1,1.1549019813537598
COc1cc2c(Nc3c(F)ccc4c3OCO4)ncnc2cc1OCCCN1CCOCC1,CN1CCN(CCOc2cc(OC3CCOCC3)c3c(Nc4c(Cl)ccc5c4OCO5)ncnc3c2)CC1,-1.015793800354004
COc1cc2c(Nc3c(F)ccc4c3OCO4)ncnc2cc1OCCCN1CCOCC1,COc1ccc(Cl)c(Nc2ncnc3ccc(OCCCN4CCN(C)CC4)c(OC4CCOCC4)c23)c1,1.3309931755065918
COc1cc(OC2CCN(C)CC2)c2c(Nc3cccc4c3OCCO4)ncnc2c1,COc1cc2c(Nc3cccc4c3OCO4)ncnc2cc1OCCCN1CCOCC1,-1.6097464561462402
COc1cc(OC2CCN(C)CC2)c2c(Nc3cccc4c3OCCO4)ncnc2c1,COc1ccc(Cl)c(Nc2ncnc3cc(OCC4CCN(C)CC4)c(OC)cc23)c1,-1.7558746337890625
COc1cc(OC2CCN(C)CC2)c2c(Nc3cccc4c3OCCO4)ncnc2c1,COc1ccc(Cl)c(Nc2ncnc3cc(OCCCN4CCOCC4)c(OC)cc23)c1,-1.7558746337890625
COc1cc(OC2CCN(C)CC2)c2c(Nc3cccc4c3OCCO4)ncnc2c1,CC(C)Oc1cc(OCCN2CCOCC2)cc2ncnc(Nc3c(Cl)ccc4c3OCO4)c12,-2.0569047927856445
COc1cc(OC2CCN(C)CC2)c2c(Nc3cccc4c3OCCO4)ncnc2c1,COc1ccc(Cl)c(Nc2ncnc3cc(OCCCN4CCOCC4)cc(OC(C)C)c23)n1,-1.2787532806396484
COc1cc(OC2CCN(C)CC2)c2c(Nc3cccc4c3OCCO4)ncnc2c1,CC(C)COc1cc(OC2CCN(C)CC2)c2c(Nc3c(Cl)ccc4c3OCO4)ncnc2c1,-1.910776138305664
COc1cc(OC2CCN(C)CC2)c2c(Nc3cccc4c3OCCO4)ncnc2c1,Clc1ccc2c(c1Nc1ncnc3cc(OCCN4CCCC4)cc(OC4CCOCC4)c13)OCO2,-1.9777231216430664
COc1cc(OC2CCN(C)CC2)c2c(Nc3cccc4c3OCCO4)ncnc2c1,CC(=O)N1CCN(CCOc2cc(OC(C)C)c3c(Nc4c(F)ccc5c4OCO5)ncnc3c2)CC1,-1.4548444747924805
COc1cc(OC2CCN(C)CC2)c2c(Nc3cccc4c3OCCO4)ncnc2c1,COc1ccc(Cl)c(Nc2ncnc3cc(OCCCN4CCN(C(C)=O)CC4)cc(OC(C)C)c23)n1,-1.4548444747924805
COc1cc(OC2CCN(C)CC2)c2c(Nc3cccc4c3OCCO4)ncnc2c1,Clc1ccc2c(c1Nc1ncnc3cc(OCCOc4ccncc4)cc(OC4CCOCC4)c13)OCO2,-2.2787532806396484
COc1cc(OC2CCN(C)CC2)c2c(Nc3cccc4c3OCCO4)ncnc2c1,CN1CCC(COc2cc(OC3CCOCC3)c3c(Nc4c(Cl)ccc5c4OCO5)ncnc3c2)CC1,-1.9777231216430664
COc1cc(OC2CCN(C)CC2)c2c(Nc3cccc4c3OCCO4)ncnc2c1,CN1CCN(CCOc2cc(OC3CCOCC3)c3c(Nc4c(Cl)ccc5c4OCO5)ncnc3c2)CC1,-2.3245105743408203
COc1cc(OC2CCN(C)CC2)c2c(Nc3cccc4c3OCCO4)ncnc2c1,c1cc(Nc2ncnc3cc(OCCCN4CCCC4)cc(OC4CCOCC4)c23)c2c(c1)OCO2,-1.1538147926330566
COc1cc(OC2CCN(C)CC2)c2c(Nc3cccc4c3OCCO4)ncnc2c1,COc1ccc(Cl)c(Nc2ncnc3cc(OCCCN4CCOCC4)cc(OC4CCCCC4)c23)c1,-1.4548444747924805
COc1cc2c(Nc3cccc4c3OCO4)ncnc2cc1OCCCN1CCOCC1,COc1cc2c(Nc3ccc4c(c3)OCO4)ncnc2cc1OCCCN1CCOCC1,1.7346854209899902
COc1cc2c(Nc3cccc4c3OCO4)ncnc2cc1OCCCN1CCOCC1,COc1ccc(Cl)c(Nc2ncnc3cc(OC)cc(OCCCN4CCOCC4)c23)c1,1.215599536895752
COc1cc2c(Nc3cccc4c3OCO4)ncnc2cc1OCCCN1CCOCC1,COc1ccccc1Nc1ncnc2cc(OCCCN3CCOCC3)c(OC)cc12,1.6020598411560059
COc1cc2c(Nc3cccc4c3OCO4)ncnc2cc1OCCCN1CCOCC1,COc1cc2c(Nc3cccc4c3OCCO4)ncnc2cc1OCCCN1CCOCC1,1.4220733642578125
COc1cc2c(Nc3cccc4c3OCO4)ncnc2cc1OCCCN1CCOCC1,CCOc1ccc(Cl)c(Nc2ncnc3cc(OCCCN4CCOCC4)c(OC)cc23)c1,1.8374981880187988
COc1cc2c(Nc3cccc4c3OCO4)ncnc2cc1OCCCN1CCOCC1,COc1cc(Nc2ncnc3cc(OCCCN4CCOCC4)cc(OC(C)C)c23)c(Cl)cn1,1.397939682006836
COc1cc2c(Nc3cccc4c3OCO4)ncnc2cc1OCCCN1CCOCC1,COc1cnc(Cl)c(Nc2ncnc3cc(OCCCN4CCOCC4)cc(OC(C)C)c23)c1,1.0299630165100098
COc1cc2c(Nc3cccc4c3OCO4)ncnc2cc1OCCCN1CCOCC1,COc1ncc(Cl)c(=Nc2ncnc3cc(OCCN4CCN(C(C)=O)CC4)cc(OC(C)C)c23)[nH]1,1.3010296821594238
COc1cc2c(Nc3cccc4c3OCO4)ncnc2cc1OCCCN1CCOCC1,COc1ccc(Cl)c(Nc2ncnc3cc(OCCCN4CCOCC4)cc(OC(C)C)c23)c1,1.0299630165100098
COc1cc2c(Nc3cccc4c3OCO4)ncnc2cc1OCCCN1CCOCC1,COc1cc(Nc2ncnc3cc(OCCCN4CCOCC4)cc(OC4CCOCC4)c23)c(Cl)cn1,1.4559316635131836
COc1cc2c(Nc3cccc4c3OCO4)ncnc2cc1OCCCN1CCOCC1,COc1ccc(Cl)c(Nc2ncnc3cc(OCCCN4CCOCC4)cc(OC4CCOCC4)c23)c1,1.1549019813537598
COc1cc2c(Nc3cccc4c3OCO4)ncnc2cc1OCCCN1CCOCC1,COc1ccc(Cl)c(Nc2ncnc3ccc(OCCCN4CCN(C)CC4)c(OC4CCOCC4)c23)c1,1.6320228576660156
COc1cc2c(Nc3ccc4c(c3)OCO4)ncnc2cc1OCCCN1CCOCC1,COc1ccc(Cl)c(Nc2ncnc3cc(OCC4CCN(C)CC4)c(OC)cc23)c1,-1.8808135986328125
COc1cc2c(Nc3ccc4c(c3)OCO4)ncnc2cc1OCCCN1CCOCC1,COc1ccc(Cl)c(Nc2ncnc3cc(OCCCN4CCOCC4)c(OC)cc23)c1,-1.8808135986328125
COc1cc2c(Nc3ccc4c(c3)OCO4)ncnc2cc1OCCCN1CCOCC1,CC(C)Oc1cc(OCCN2CCOCC2)cc2ncnc(Nc3c(Cl)ccc4c3OCO4)c12,-2.1818437576293945
COc1cc2c(Nc3ccc4c(c3)OCO4)ncnc2cc1OCCCN1CCOCC1,COc1ccc(Cl)c(Nc2ncnc3cc(OCCCN4CCCC4)cc(OC(C)C)c23)n1,-1.0357155799865723
COc1cc2c(Nc3ccc4c(c3)OCO4)ncnc2cc1OCCCN1CCOCC1,COc1ccc(Cl)c(Nc2ncnc3cc(OCCCN4CCOCC4)cc(OC(C)C)c23)n1,-1.4036922454833984
COc1cc2c(Nc3ccc4c(c3)OCO4)ncnc2cc1OCCCN1CCOCC1,COc1ccc(Cl)c(Nc2ncnc3cc(OCCN4CCN(C)CC4)cc(OC(C)C)c23)n1,-1.0357155799865723
COc1cc2c(Nc3ccc4c(c3)OCO4)ncnc2cc1OCCCN1CCOCC1,Clc1ccc2c(c1Nc1ncnc3cc(OCCN4CCCC4)cc(N4CCOCC4)c13)OCO2,-1.0057525634765625
COc1cc2c(Nc3ccc4c(c3)OCO4)ncnc2cc1OCCCN1CCOCC1,CC(C)COc1cc(OC2CCN(C)CC2)c2c(Nc3c(Cl)ccc4c3OCO4)ncnc2c1,-2.035715103149414
COc1cc2c(Nc3ccc4c(c3)OCO4)ncnc2cc1OCCCN1CCOCC1,COc1ccc(Cl)c(Nc2ncnc3cc(OCCN4CCN(C(C)=O)CC4)cc(OC(C)C)c23)n1,-1.1026625633239746
COc1cc2c(Nc3ccc4c(c3)OCO4)ncnc2cc1OCCCN1CCOCC1,COc1ccc(Cl)c(Nc2ncnc3cc(OCCCN4CCN(C)CC4)cc(OC(C)C)c23)n1,-1.1026625633239746
COc1cc2c(Nc3ccc4c(c3)OCO4)ncnc2cc1OCCCN1CCOCC1,Clc1ccc2c(c1Nc1ncnc3cc(OCCN4CCCC4)cc(OC4CCOCC4)c13)OCO2,-2.1026620864868164
COc1cc2c(Nc3ccc4c(c3)OCO4)ncnc2cc1OCCCN1CCOCC1,CC(=O)N1CCN(CCOc2cc(OC(C)C)c3c(Nc4c(F)ccc5c4OCO5)ncnc3c2)CC1,-1.5797834396362305
COc1cc2c(Nc3ccc4c(c3)OCO4)ncnc2cc1OCCCN1CCOCC1,COc1ccc(Cl)c(Nc2ncnc3cc(OCCCN4CCOCC4)cc(OC4CCOCC4)c23)n1,-1.0357155799865723
COc1cc2c(Nc3ccc4c(c3)OCO4)ncnc2cc1OCCCN1CCOCC1,COc1ccc(Cl)c(Nc2ncnc3cc(OCCCN4CCN(C(C)=O)CC4)cc(OC(C)C)c23)n1,-1.5797834396362305
COc1cc2c(Nc3ccc4c(c3)OCO4)ncnc2cc1OCCCN1CCOCC1,Clc1ccc2c(c1Nc1ncnc3cc(OCCOc4ccncc4)cc(OC4CCOCC4)c13)OCO2,-2.4036922454833984
COc1cc2c(Nc3ccc4c(c3)OCO4)ncnc2cc1OCCCN1CCOCC1,CN1CCC(COc2cc(OC3CCOCC3)c3c(Nc4c(Cl)ccc5c4OCO5)ncnc3c2)CC1,-2.1026620864868164
COc1cc2c(Nc3ccc4c(c3)OCO4)ncnc2cc1OCCCN1CCOCC1,CN1CCN(CCOc2cc(OC3CCOCC3)c3c(Nc4c(Cl)ccc5c4OCO5)ncnc3c2)CC1,-2.4494495391845703
COc1cc2c(Nc3ccc4c(c3)OCO4)ncnc2cc1OCCCN1CCOCC1,c1cc(Nc2ncnc3cc(OCCCN4CCCC4)cc(OC4CCOCC4)c23)c2c(c1)OCO2,-1.2787537574768066
COc1cc2c(Nc3ccc4c(c3)OCO4)ncnc2cc1OCCCN1CCOCC1,CN1CCN(CCOc2cc(OC3CCOCC3)c3c(Nc4c(Cl)ccc5c4OCCO5)ncnc3c2)CC1,-1.0679001808166504
COc1cc2c(Nc3ccc4c(c3)OCO4)ncnc2cc1OCCCN1CCOCC1,COc1ccc(Cl)c(Nc2ncnc3cc(OCCCN4CCOCC4)cc(OC4CCCCC4)c23)c1,-1.5797834396362305
COc1ccc(Cl)c(Nc2ncnc3cc(OCC4CCN(C)CC4)c(OC)cc23)c1,COc1ccc(Cl)c(Nc2ncnc3cc(OC)cc(OCCCN4CCOCC4)c23)c1,1.3617277145385742
COc1ccc(Cl)c(Nc2ncnc3cc(OCC4CCN(C)CC4)c(OC)cc23)c1,COc1ccc(Cl)c(Nc2ncnc3cc(OCCN4CCCC4)cc(OC(C)C)c23)n1,1.07918119430542
COc1ccc(Cl)c(Nc2ncnc3cc(OCC4CCN(C)CC4)c(OC)cc23)c1,COc1ccc(Cl)c(Nc2ncnc3cc(OCCN4CCOCC4)cc(OC(C)C)c23)n1,1.07918119430542
COc1ccc(Cl)c(Nc2ncnc3cc(OCC4CCN(C)CC4)c(OC)cc23)c1,COc1ccccc1Nc1ncnc2cc(OCCCN3CCOCC3)c(OC)cc12,1.7481880187988281
COc1ccc(Cl)c(Nc2ncnc3cc(OCC4CCN(C)CC4)c(OC)cc23)c1,COc1cc2c(Nc3cccc4c3OCCO4)ncnc2cc1OCCCN1CCOCC1,1.5682015419006348
COc1ccc(Cl)c(Nc2ncnc3cc(OCC4CCN(C)CC4)c(OC)cc23)c1,CCOc1ccc(Cl)c(Nc2ncnc3cc(OCCCN4CCOCC4)c(OC)cc23)c1,1.983626365661621
COc1ccc(Cl)c(Nc2ncnc3cc(OCC4CCN(C)CC4)c(OC)cc23)c1,COc1cc(Nc2ncnc3cc(OCCCN4CCOCC4)cc(OC(C)C)c23)c(Cl)cn1,1.5440678596496582
COc1ccc(Cl)c(Nc2ncnc3cc(OCC4CCN(C)CC4)c(OC)cc23)c1,COc1cnc(Cl)c(Nc2ncnc3cc(OCCCN4CCOCC4)cc(OC(C)C)c23)c1,1.176091194152832
COc1ccc(Cl)c(Nc2ncnc3cc(OCC4CCN(C)CC4)c(OC)cc23)c1,COc1ncc(Cl)c(=Nc2ncnc3cc(OCCN4CCN(C(C)=O)CC4)cc(OC(C)C)c23)[nH]1,1.447157859802246
COc1ccc(Cl)c(Nc2ncnc3cc(OCC4CCN(C)CC4)c(OC)cc23)c1,COc1ccc(Cl)c(Nc2ncnc3cc(OCCCN4CCOCC4)cc(OC(C)C)c23)c1,1.176091194152832
COc1ccc(Cl)c(Nc2ncnc3cc(OCC4CCN(C)CC4)c(OC)cc23)c1,COc1cnc(Cl)c(Nc2ncnc3cc(OCCCN4CCOCC4)cc(OC4CCOCC4)c23)c1,1.1461281776428223
COc1ccc(Cl)c(Nc2ncnc3cc(OCC4CCN(C)CC4)c(OC)cc23)c1,COc1cc(Nc2ncnc3cc(OCCCN4CCOCC4)cc(OC4CCOCC4)c23)c(Cl)cn1,1.6020598411560059
COc1ccc(Cl)c(Nc2ncnc3cc(OCC4CCN(C)CC4)c(OC)cc23)c1,Clc1ccc2c(c1Nc1ncnc3cc(OCCN4CCCC4)cc(OC4CCOCC4)c13)OCCO2,1.0413928031921387
COc1ccc(Cl)c(Nc2ncnc3cc(OCC4CCN(C)CC4)c(OC)cc23)c1,COc1ccc(Cl)c(Nc2ncnc3cc(OCCCN4CCOCC4)cc(OC4CCOCC4)c23)c1,1.301030158996582
COc1ccc(Cl)c(Nc2ncnc3cc(OCC4CCN(C)CC4)c(OC)cc23)c1,COc1ccc(Cl)c(Nc2ncnc3ccc(OCCCN4CCN(C)CC4)c(OC4CCOCC4)c23)c1,1.778151035308838
COc1ccc(Cl)c(Nc2ncnc3cc(OC)cc(OCCCN4CCOCC4)c23)c1,COc1ccc(Cl)c(Nc2ncnc3cc(OCCCN4CCOCC4)c(OC)cc23)c1,-1.3617277145385742
COc1ccc(Cl)c(Nc2ncnc3cc(OC)cc(OCCCN4CCOCC4)c23)c1,CC(C)Oc1cc(OCCN2CCOCC2)cc2ncnc(Nc3c(Cl)ccc4c3OCO4)c12,-1.6627578735351562
COc1ccc(Cl)c(Nc2ncnc3cc(OC)cc(OCCCN4CCOCC4)c23)c1,CC(C)COc1cc(OC2CCN(C)CC2)c2c(Nc3c(Cl)ccc4c3OCO4)ncnc2c1,-1.5166292190551758
COc1ccc(Cl)c(Nc2ncnc3cc(OC)cc(OCCCN4CCOCC4)c23)c1,Clc1ccc2c(c1Nc1ncnc3cc(OCCN4CCCC4)cc(OC4CCOCC4)c13)OCO2,-1.5835762023925781
COc1ccc(Cl)c(Nc2ncnc3cc(OC)cc(OCCCN4CCOCC4)c23)c1,CC(=O)N1CCN(CCOc2cc(OC(C)C)c3c(Nc4c(F)ccc5c4OCO5)ncnc3c2)CC1,-1.0606975555419922
COc1ccc(Cl)c(Nc2ncnc3cc(OC)cc(OCCCN4CCOCC4)c23)c1,COc1ccc(Cl)c(Nc2ncnc3cc(OCCCN4CCN(C(C)=O)CC4)cc(OC(C)C)c23)n1,-1.0606975555419922
COc1ccc(Cl)c(Nc2ncnc3cc(OC)cc(OCCCN4CCOCC4)c23)c1,Clc1ccc2c(c1Nc1ncnc3cc(OCCOc4ccncc4)cc(OC4CCOCC4)c13)OCO2,-1.8846063613891602
COc1ccc(Cl)c(Nc2ncnc3cc(OC)cc(OCCCN4CCOCC4)c23)c1,CN1CCC(COc2cc(OC3CCOCC3)c3c(Nc4c(Cl)ccc5c4OCO5)ncnc3c2)CC1,-1.5835762023925781
COc1ccc(Cl)c(Nc2ncnc3cc(OC)cc(OCCCN4CCOCC4)c23)c1,CN1CCN(CCOc2cc(OC3CCOCC3)c3c(Nc4c(Cl)ccc5c4OCO5)ncnc3c2)CC1,-1.930363655090332
COc1ccc(Cl)c(Nc2ncnc3cc(OC)cc(OCCCN4CCOCC4)c23)c1,COc1ccc(Cl)c(Nc2ncnc3cc(OCCCN4CCOCC4)cc(OC4CCCCC4)c23)c1,-1.0606975555419922
COc1ccc(Cl)c(Nc2ncnc3cc(OCCCN4CCOCC4)c(OC)cc23)c1,COc1ccc(Cl)c(Nc2ncnc3cc(OCCN4CCCC4)cc(OC(C)C)c23)n1,1.07918119430542
COc1ccc(Cl)c(Nc2ncnc3cc(OCCCN4CCOCC4)c(OC)cc23)c1,COc1ccc(Cl)c(Nc2ncnc3cc(OCCN4CCOCC4)cc(OC(C)C)c23)n1,1.07918119430542
COc1ccc(Cl)c(Nc2ncnc3cc(OCCCN4CCOCC4)c(OC)cc23)c1,COc1ccccc1Nc1ncnc2cc(OCCCN3CCOCC3)c(OC)cc12,1.7481880187988281
COc1ccc(Cl)c(Nc2ncnc3cc(OCCCN4CCOCC4)c(OC)cc23)c1,COc1cc2c(Nc3cccc4c3OCCO4)ncnc2cc1OCCCN1CCOCC1,1.5682015419006348
COc1ccc(Cl)c(Nc2ncnc3cc(OCCCN4CCOCC4)c(OC)cc23)c1,CCOc1ccc(Cl)c(Nc2ncnc3cc(OCCCN4CCOCC4)c(OC)cc23)c1,1.983626365661621
COc1ccc(Cl)c(Nc2ncnc3cc(OCCCN4CCOCC4)c(OC)cc23)c1,COc1cc(Nc2ncnc3cc(OCCCN4CCOCC4)cc(OC(C)C)c23)c(Cl)cn1,1.5440678596496582
COc1ccc(Cl)c(Nc2ncnc3cc(OCCCN4CCOCC4)c(OC)cc23)c1,COc1cnc(Cl)c(Nc2ncnc3cc(OCCCN4CCOCC4)cc(OC(C)C)c23)c1,1.176091194152832
COc1ccc(Cl)c(Nc2ncnc3cc(OCCCN4CCOCC4)c(OC)cc23)c1,COc1ncc(Cl)c(=Nc2ncnc3cc(OCCN4CCN(C(C)=O)CC4)cc(OC(C)C)c23)[nH]1,1.447157859802246
COc1ccc(Cl)c(Nc2ncnc3cc(OCCCN4CCOCC4)c(OC)cc23)c1,COc1ccc(Cl)c(Nc2ncnc3cc(OCCCN4CCOCC4)cc(OC(C)C)c23)c1,1.176091194152832
COc1ccc(Cl)c(Nc2ncnc3cc(OCCCN4CCOCC4)c(OC)cc23)c1,COc1cnc(Cl)c(Nc2ncnc3cc(OCCCN4CCOCC4)cc(OC4CCOCC4)c23)c1,1.1461281776428223
COc1ccc(Cl)c(Nc2ncnc3cc(OCCCN4CCOCC4)c(OC)cc23)c1,COc1cc(Nc2ncnc3cc(OCCCN4CCOCC4)cc(OC4CCOCC4)c23)c(Cl)cn1,1.6020598411560059
COc1ccc(Cl)c(Nc2ncnc3cc(OCCCN4CCOCC4)c(OC)cc23)c1,Clc1ccc2c(c1Nc1ncnc3cc(OCCN4CCCC4)cc(OC4CCOCC4)c13)OCCO2,1.0413928031921387
COc1ccc(Cl)c(Nc2ncnc3cc(OCCCN4CCOCC4)c(OC)cc23)c1,COc1ccc(Cl)c(Nc2ncnc3cc(OCCCN4CCOCC4)cc(OC4CCOCC4)c23)c1,1.301030158996582
COc1ccc(Cl)c(Nc2ncnc3cc(OCCCN4CCOCC4)c(OC)cc23)c1,COc1ccc(Cl)c(Nc2ncnc3ccc(OCCCN4CCN(C)CC4)c(OC4CCOCC4)c23)c1,1.778151035308838
COc1ccc(Cl)c(Nc2ncnc3cc(OCCN4CCCC4)cc(OC(C)C)c23)n1,CC(C)Oc1cc(OCCN2CCOCC2)cc2ncnc(Nc3c(Cl)ccc4c3OCO4)c12,-1.380211353302002
COc1ccc(Cl)c(Nc2ncnc3cc(OCCN4CCCC4)cc(OC(C)C)c23)n1,CC(C)COc1cc(OC2CCN(C)CC2)c2c(Nc3c(Cl)ccc4c3OCO4)ncnc2c1,-1.2340826988220215
COc1ccc(Cl)c(Nc2ncnc3cc(OCCN4CCCC4)cc(OC(C)C)c23)n1,Clc1ccc2c(c1Nc1ncnc3cc(OCCN4CCCC4)cc(OC4CCOCC4)c13)OCO2,-1.3010296821594238
COc1ccc(Cl)c(Nc2ncnc3cc(OCCN4CCCC4)cc(OC(C)C)c23)n1,Clc1ccc2c(c1Nc1ncnc3cc(OCCOc4ccncc4)cc(OC4CCOCC4)c13)OCO2,-1.6020598411560059
COc1ccc(Cl)c(Nc2ncnc3cc(OCCN4CCCC4)cc(OC(C)C)c23)n1,CN1CCC(COc2cc(OC3CCOCC3)c3c(Nc4c(Cl)ccc5c4OCO5)ncnc3c2)CC1,-1.3010296821594238
COc1ccc(Cl)c(Nc2ncnc3cc(OCCN4CCCC4)cc(OC(C)C)c23)n1,CN1CCN(CCOc2cc(OC3CCOCC3)c3c(Nc4c(Cl)ccc5c4OCO5)ncnc3c2)CC1,-1.6478171348571777
COc1ccc(Cl)c(Nc2ncnc3cc(OCCN4CCOCC4)cc(OC(C)C)c23)n1,CC(C)Oc1cc(OCCN2CCOCC2)cc2ncnc(Nc3c(Cl)ccc4c3OCO4)c12,-1.380211353302002
COc1ccc(Cl)c(Nc2ncnc3cc(OCCN4CCOCC4)cc(OC(C)C)c23)n1,CC(C)COc1cc(OC2CCN(C)CC2)c2c(Nc3c(Cl)ccc4c3OCO4)ncnc2c1,-1.2340826988220215
COc1ccc(Cl)c(Nc2ncnc3cc(OCCN4CCOCC4)cc(OC(C)C)c23)n1,Clc1ccc2c(c1Nc1ncnc3cc(OCCN4CCCC4)cc(OC4CCOCC4)c13)OCO2,-1.3010296821594238
COc1ccc(Cl)c(Nc2ncnc3cc(OCCN4CCOCC4)cc(OC(C)C)c23)n1,Clc1ccc2c(c1Nc1ncnc3cc(OCCOc4ccncc4)cc(OC4CCOCC4)c13)OCO2,-1.6020598411560059
COc1ccc(Cl)c(Nc2ncnc3cc(OCCN4CCOCC4)cc(OC(C)C)c23)n1,CN1CCC(COc2cc(OC3CCOCC3)c3c(Nc4c(Cl)ccc5c4OCO5)ncnc3c2)CC1,-1.3010296821594238
COc1ccc(Cl)c(Nc2ncnc3cc(OCCN4CCOCC4)cc(OC(C)C)c23)n1,CN1CCN(CCOc2cc(OC3CCOCC3)c3c(Nc4c(Cl)ccc5c4OCO5)ncnc3c2)CC1,-1.6478171348571777
COc1ccccc1Nc1ncnc2cc(OCCCN3CCOCC3)c(OC)cc12,CC(C)Oc1cc(OCCN2CCOCC2)cc2ncnc(Nc3c(Cl)ccc4c3OCO4)c12,-2.04921817779541
COc1ccccc1Nc1ncnc2cc(OCCCN3CCOCC3)c(OC)cc12,COc1ccc(Cl)c(Nc2ncnc3cc(OCCCN4CCOCC4)cc(OC(C)C)c23)n1,-1.271066665649414
COc1ccccc1Nc1ncnc2cc(OCCCN3CCOCC3)c(OC)cc12,CC(C)COc1cc(OC2CCN(C)CC2)c2c(Nc3c(Cl)ccc4c3OCO4)ncnc2c1,-1.9030895233154297
COc1ccccc1Nc1ncnc2cc(OCCCN3CCOCC3)c(OC)cc12,Clc1ccc2c(c1Nc1ncnc3cc(OCCN4CCCC4)cc(OC4CCOCC4)c13)OCO2,-1.970036506652832
COc1ccccc1Nc1ncnc2cc(OCCCN3CCOCC3)c(OC)cc12,CC(=O)N1CCN(CCOc2cc(OC(C)C)c3c(Nc4c(F)ccc5c4OCO5)ncnc3c2)CC1,-1.447157859802246
COc1ccccc1Nc1ncnc2cc(OCCCN3CCOCC3)c(OC)cc12,COc1ccc(Cl)c(Nc2ncnc3cc(OCCCN4CCN(C(C)=O)CC4)cc(OC(C)C)c23)n1,-1.447157859802246
COc1ccccc1Nc1ncnc2cc(OCCCN3CCOCC3)c(OC)cc12,Clc1ccc2c(c1Nc1ncnc3cc(OCCOc4ccncc4)cc(OC4CCOCC4)c13)OCO2,-2.271066665649414
COc1ccccc1Nc1ncnc2cc(OCCCN3CCOCC3)c(OC)cc12,CN1CCC(COc2cc(OC3CCOCC3)c3c(Nc4c(Cl)ccc5c4OCO5)ncnc3c2)CC1,-1.970036506652832
COc1ccccc1Nc1ncnc2cc(OCCCN3CCOCC3)c(OC)cc12,CN1CCN(CCOc2cc(OC3CCOCC3)c3c(Nc4c(Cl)ccc5c4OCO5)ncnc3c2)CC1,-2.316823959350586
COc1ccccc1Nc1ncnc2cc(OCCCN3CCOCC3)c(OC)cc12,c1cc(Nc2ncnc3cc(OCCCN4CCCC4)cc(OC4CCOCC4)c23)c2c(c1)OCO2,-1.1461281776428223
COc1ccccc1Nc1ncnc2cc(OCCCN3CCOCC3)c(OC)cc12,COc1ccc(Cl)c(Nc2ncnc3cc(OCCCN4CCOCC4)cc(OC4CCCCC4)c23)c1,-1.447157859802246
CC(C)Oc1cc(OC2CCN(C)CC2)c2c(Nc3c(Cl)ccc4c3OCO4)ncnc2c1,CC(C)Oc1cc(OCCN2CCOCC2)cc2ncnc(Nc3c(Cl)ccc4c3OCO4)c12,-1.301030158996582
CC(C)Oc1cc(OC2CCN(C)CC2)c2c(Nc3c(Cl)ccc4c3OCO4)ncnc2c1,CC(C)COc1cc(OC2CCN(C)CC2)c2c(Nc3c(Cl)ccc4c3OCO4)ncnc2c1,-1.1549015045166016
CC(C)Oc1cc(OC2CCN(C)CC2)c2c(Nc3c(Cl)ccc4c3OCO4)ncnc2c1,Clc1ccc2c(c1Nc1ncnc3cc(OCCN4CCCC4)cc(OC4CCOCC4)c13)OCO2,-1.221848487854004
CC(C)Oc1cc(OC2CCN(C)CC2)c2c(Nc3c(Cl)ccc4c3OCO4)ncnc2c1,Clc1ccc2c(c1Nc1ncnc3cc(OCCOc4ccncc4)cc(OC4CCOCC4)c13)OCO2,-1.522878646850586
CC(C)Oc1cc(OC2CCN(C)CC2)c2c(Nc3c(Cl)ccc4c3OCO4)ncnc2c1,CN1CCC(COc2cc(OC3CCOCC3)c3c(Nc4c(Cl)ccc5c4OCO5)ncnc3c2)CC1,-1.221848487854004
CC(C)Oc1cc(OC2CCN(C)CC2)c2c(Nc3c(Cl)ccc4c3OCO4)ncnc2c1,CN1CCN(CCOc2cc(OC3CCOCC3)c3c(Nc4c(Cl)ccc5c4OCO5)ncnc3c2)CC1,-1.5686359405517578
CC(C)Oc1cc(OCCN2CCOCC2)cc2ncnc(Nc3c(Cl)ccc4c3OCO4)c12,COc1cc2c(Nc3cccc4c3OCCO4)ncnc2cc1OCCCN1CCOCC1,1.8692317008972168
CC(C)Oc1cc(OCCN2CCOCC2)cc2ncnc(Nc3c(Cl)ccc4c3OCO4)c12,CCOc1ccc(Cl)c(Nc2ncnc3cc(OCCCN4CCOCC4)c(OC)cc23)c1,2.284656524658203
CC(C)Oc1cc(OCCN2CCOCC2)cc2ncnc(Nc3c(Cl)ccc4c3OCO4)c12,COc1ccc(Cl)c(Nc2ncnc3cc(OCCCN4CCCC4)cc(OC(C)C)c23)n1,1.1461281776428223
CC(C)Oc1cc(OCCN2CCOCC2)cc2ncnc(Nc3c(Cl)ccc4c3OCO4)c12,COc1cc(Nc2ncnc3cc(OCCCN4CCOCC4)cc(OC(C)C)c23)c(Cl)cn1,1.8450980186462402
CC(C)Oc1cc(OCCN2CCOCC2)cc2ncnc(Nc3c(Cl)ccc4c3OCO4)c12,COc1cnc(Cl)c(Nc2ncnc3cc(OCCCN4CCOCC4)cc(OC(C)C)c23)c1,1.477121353149414
CC(C)Oc1cc(OCCN2CCOCC2)cc2ncnc(Nc3c(Cl)ccc4c3OCO4)c12,COc1ncc(Cl)c(=Nc2ncnc3cc(OCCN4CCN(C(C)=O)CC4)cc(OC(C)C)c23)[nH]1,1.7481880187988281
CC(C)Oc1cc(OCCN2CCOCC2)cc2ncnc(Nc3c(Cl)ccc4c3OCO4)c12,COc1ccc(Cl)c(Nc2ncnc3cc(OCCN4CCN(C)CC4)cc(OC(C)C)c23)n1,1.1461281776428223
CC(C)Oc1cc(OCCN2CCOCC2)cc2ncnc(Nc3c(Cl)ccc4c3OCO4)c12,Clc1ccc2c(c1Nc1ncnc3cc(OCCN4CCCC4)cc(N4CCOCC4)c13)OCO2,1.176091194152832
CC(C)Oc1cc(OCCN2CCOCC2)cc2ncnc(Nc3c(Cl)ccc4c3OCO4)c12,COc1ccc(Cl)c(Nc2ncnc3cc(OCCCN4CCOCC4)cc(OC(C)C)c23)c1,1.477121353149414
CC(C)Oc1cc(OCCN2CCOCC2)cc2ncnc(Nc3c(Cl)ccc4c3OCO4)c12,COc1ccc(Cl)c(Nc2ncnc3cc(OCCN4CCN(C(C)=O)CC4)cc(OC(C)C)c23)n1,1.07918119430542
CC(C)Oc1cc(OCCN2CCOCC2)cc2ncnc(Nc3c(Cl)ccc4c3OCO4)c12,COc1ccc(Cl)c(Nc2ncnc3cc(OCCCN4CCN(C)CC4)cc(OC(C)C)c23)n1,1.07918119430542
CC(C)Oc1cc(OCCN2CCOCC2)cc2ncnc(Nc3c(Cl)ccc4c3OCO4)c12,c1cc(Nc2ncnc3cc(OCCN4CCCC4)cc(OC4CCOCC4)c23)c2c(c1)OCO2,1.20412015914917
CC(C)Oc1cc(OCCN2CCOCC2)cc2ncnc(Nc3c(Cl)ccc4c3OCO4)c12,COc1cnc(Cl)c(Nc2ncnc3cc(OCCCN4CCOCC4)cc(OC4CCOCC4)c23)c1,1.4471583366394043
CC(C)Oc1cc(OCCN2CCOCC2)cc2ncnc(Nc3c(Cl)ccc4c3OCO4)c12,COc1ccc(Cl)c(Nc2ncnc3cc(OCCCN4CCOCC4)cc(OC4CCOCC4)c23)n1,1.1461281776428223
CC(C)Oc1cc(OCCN2CCOCC2)cc2ncnc(Nc3c(Cl)ccc4c3OCO4)c12,COc1cc(Nc2ncnc3cc(OCCCN4CCOCC4)cc(OC4CCOCC4)c23)c(Cl)cn1,1.903090000152588
CC(C)Oc1cc(OCCN2CCOCC2)cc2ncnc(Nc3c(Cl)ccc4c3OCO4)c12,Clc1ccc2c(c1Nc1ncnc3cc(OCCN4CCCC4)cc(OC4CCOCC4)c13)OCCO2,1.3424229621887207
CC(C)Oc1cc(OCCN2CCOCC2)cc2ncnc(Nc3c(Cl)ccc4c3OCO4)c12,c1cc(Nc2ncnc3cc(OCCN4CCCC4)cc(OC4CCOCC4)c23)c2c(c1)OCCO2,1.2304491996765137
CC(C)Oc1cc(OCCN2CCOCC2)cc2ncnc(Nc3c(Cl)ccc4c3OCO4)c12,COc1ccc(Cl)c(Nc2ncnc3cc(OCCCN4CCOCC4)cc(OC4CCOCC4)c23)c1,1.602060317993164
CC(C)Oc1cc(OCCN2CCOCC2)cc2ncnc(Nc3c(Cl)ccc4c3OCO4)c12,CN1CCN(CCOc2cc(OC3CCOCC3)c3c(Nc4c(Cl)ccc5c4OCCO5)ncnc3c2)CC1,1.1139435768127441
CC(C)Oc1cc(OCCN2CCOCC2)cc2ncnc(Nc3c(Cl)ccc4c3OCO4)c12,COc1ccc(Cl)c(Nc2ncnc3ccc(OCCCN4CCN(C)CC4)c(OC4CCOCC4)c23)c1,2.07918119430542
COc1cc2c(Nc3cccc4c3OCCO4)ncnc2cc1OCCCN1CCOCC1,COc1ccc(Cl)c(Nc2ncnc3cc(OCCCN4CCOCC4)cc(OC(C)C)c23)n1,-1.0910801887512207
COc1cc2c(Nc3cccc4c3OCCO4)ncnc2cc1OCCCN1CCOCC1,CC(C)COc1cc(OC2CCN(C)CC2)c2c(Nc3c(Cl)ccc4c3OCO4)ncnc2c1,-1.7231030464172363
COc1cc2c(Nc3cccc4c3OCCO4)ncnc2cc1OCCCN1CCOCC1,Clc1ccc2c(c1Nc1ncnc3cc(OCCN4CCCC4)cc(OC4CCOCC4)c13)OCO2,-1.7900500297546387
COc1cc2c(Nc3cccc4c3OCCO4)ncnc2cc1OCCCN1CCOCC1,CC(=O)N1CCN(CCOc2cc(OC(C)C)c3c(Nc4c(F)ccc5c4OCO5)ncnc3c2)CC1,-1.2671713829040527
COc1cc2c(Nc3cccc4c3OCCO4)ncnc2cc1OCCCN1CCOCC1,COc1ccc(Cl)c(Nc2ncnc3cc(OCCCN4CCN(C(C)=O)CC4)cc(OC(C)C)c23)n1,-1.2671713829040527
COc1cc2c(Nc3cccc4c3OCCO4)ncnc2cc1OCCCN1CCOCC1,Clc1ccc2c(c1Nc1ncnc3cc(OCCOc4ccncc4)cc(OC4CCOCC4)c13)OCO2,-2.0910801887512207
COc1cc2c(Nc3cccc4c3OCCO4)ncnc2cc1OCCCN1CCOCC1,CN1CCC(COc2cc(OC3CCOCC3)c3c(Nc4c(Cl)ccc5c4OCO5)ncnc3c2)CC1,-1.7900500297546387
COc1cc2c(Nc3cccc4c3OCCO4)ncnc2cc1OCCCN1CCOCC1,CN1CCN(CCOc2cc(OC3CCOCC3)c3c(Nc4c(Cl)ccc5c4OCO5)ncnc3c2)CC1,-2.1368374824523926
COc1cc2c(Nc3cccc4c3OCCO4)ncnc2cc1OCCCN1CCOCC1,COc1ccc(Cl)c(Nc2ncnc3cc(OCCCN4CCOCC4)cc(OC4CCCCC4)c23)c1,-1.2671713829040527
CCOc1ccc(Cl)c(Nc2ncnc3cc(OCCCN4CCOCC4)c(OC)cc23)c1,COc1ccc(Cl)c(Nc2ncnc3cc(OCCCN4CCCC4)cc(OC(C)C)c23)n1,-1.1385283470153809
CCOc1ccc(Cl)c(Nc2ncnc3cc(OCCCN4CCOCC4)c(OC)cc23)c1,COc1ccc(Cl)c(Nc2ncnc3cc(OCCCN4CCOCC4)cc(OC(C)C)c23)n1,-1.506505012512207
CCOc1ccc(Cl)c(Nc2ncnc3cc(OCCCN4CCOCC4)c(OC)cc23)c1,COc1ccc(Cl)c(Nc2ncnc3cc(OCCN4CCN(C)CC4)cc(OC(C)C)c23)n1,-1.1385283470153809
CCOc1ccc(Cl)c(Nc2ncnc3cc(OCCCN4CCOCC4)c(OC)cc23)c1,Clc1ccc2c(c1Nc1ncnc3cc(OCCN4CCCC4)cc(N4CCOCC4)c13)OCO2,-1.108565330505371
CCOc1ccc(Cl)c(Nc2ncnc3cc(OCCCN4CCOCC4)c(OC)cc23)c1,CC(C)COc1cc(OC2CCN(C)CC2)c2c(Nc3c(Cl)ccc4c3OCO4)ncnc2c1,-2.1385278701782227
CCOc1ccc(Cl)c(Nc2ncnc3cc(OCCCN4CCOCC4)c(OC)cc23)c1,COc1ccc(Cl)c(Nc2ncnc3cc(OCCN4CCN(C(C)=O)CC4)cc(OC(C)C)c23)n1,-1.2054753303527832
CCOc1ccc(Cl)c(Nc2ncnc3cc(OCCCN4CCOCC4)c(OC)cc23)c1,COc1ccc(Cl)c(Nc2ncnc3cc(OCCCN4CCN(C)CC4)cc(OC(C)C)c23)n1,-1.2054753303527832
CCOc1ccc(Cl)c(Nc2ncnc3cc(OCCCN4CCOCC4)c(OC)cc23)c1,Clc1ccc2c(c1Nc1ncnc3cc(OCCN4CCCC4)cc(OC4CCOCC4)c13)OCO2,-2.205474853515625
CCOc1ccc(Cl)c(Nc2ncnc3cc(OCCCN4CCOCC4)c(OC)cc23)c1,CC(=O)N1CCN(CCOc2cc(OC(C)C)c3c(Nc4c(F)ccc5c4OCO5)ncnc3c2)CC1,-1.682596206665039
CCOc1ccc(Cl)c(Nc2ncnc3cc(OCCCN4CCOCC4)c(OC)cc23)c1,c1cc(Nc2ncnc3cc(OCCN4CCCC4)cc(OC4CCOCC4)c23)c2c(c1)OCO2,-1.0805363655090332
CCOc1ccc(Cl)c(Nc2ncnc3cc(OCCCN4CCOCC4)c(OC)cc23)c1,COc1ccc(Cl)c(Nc2ncnc3cc(OCCCN4CCOCC4)cc(OC4CCOCC4)c23)n1,-1.1385283470153809
CCOc1ccc(Cl)c(Nc2ncnc3cc(OCCCN4CCOCC4)c(OC)cc23)c1,COc1ccc(Cl)c(Nc2ncnc3cc(OCCCN4CCN(C(C)=O)CC4)cc(OC(C)C)c23)n1,-1.682596206665039
CCOc1ccc(Cl)c(Nc2ncnc3cc(OCCCN4CCOCC4)c(OC)cc23)c1,Clc1ccc2c(c1Nc1ncnc3cc(OCCOc4ccncc4)cc(OC4CCOCC4)c13)OCO2,-2.506505012512207
CCOc1ccc(Cl)c(Nc2ncnc3cc(OCCCN4CCOCC4)c(OC)cc23)c1,CN1CCC(COc2cc(OC3CCOCC3)c3c(Nc4c(Cl)ccc5c4OCO5)ncnc3c2)CC1,-2.205474853515625
CCOc1ccc(Cl)c(Nc2ncnc3cc(OCCCN4CCOCC4)c(OC)cc23)c1,CN1CCN(CCOc2cc(OC3CCOCC3)c3c(Nc4c(Cl)ccc5c4OCO5)ncnc3c2)CC1,-2.552262306213379
CCOc1ccc(Cl)c(Nc2ncnc3cc(OCCCN4CCOCC4)c(OC)cc23)c1,c1cc(Nc2ncnc3cc(OCCCN4CCCC4)cc(OC4CCOCC4)c23)c2c(c1)OCO2,-1.3815665245056152
CCOc1ccc(Cl)c(Nc2ncnc3cc(OCCCN4CCOCC4)c(OC)cc23)c1,c1cc(Nc2ncnc3cc(OCCN4CCCC4)cc(OC4CCOCC4)c23)c2c(c1)OCCO2,-1.0542073249816895
CCOc1ccc(Cl)c(Nc2ncnc3cc(OCCCN4CCOCC4)c(OC)cc23)c1,CN1CCN(CCOc2cc(OC3CCOCC3)c3c(Nc4c(Cl)ccc5c4OCCO5)ncnc3c2)CC1,-1.170712947845459
CCOc1ccc(Cl)c(Nc2ncnc3cc(OCCCN4CCOCC4)c(OC)cc23)c1,COc1ccc(Cl)c(Nc2ncnc3cc(OCCCN4CCOCC4)cc(OC4CCCCC4)c23)c1,-1.682596206665039
COc1ccc(Cl)c(Nc2ncnc3cc(OCCCN4CCCC4)cc(OC(C)C)c23)n1,Clc1ccc2c(c1Nc1ncnc3cc(OCCN4CCCC4)cc(OC4CCOCC4)c13)OCO2,-1.0669465065002441
COc1ccc(Cl)c(Nc2ncnc3cc(OCCCN4CCCC4)cc(OC(C)C)c23)n1,Clc1ccc2c(c1Nc1ncnc3cc(OCCOc4ccncc4)cc(OC4CCOCC4)c13)OCO2,-1.3679766654968262
COc1ccc(Cl)c(Nc2ncnc3cc(OCCCN4CCCC4)cc(OC(C)C)c23)n1,CN1CCC(COc2cc(OC3CCOCC3)c3c(Nc4c(Cl)ccc5c4OCO5)ncnc3c2)CC1,-1.0669465065002441
COc1ccc(Cl)c(Nc2ncnc3cc(OCCCN4CCCC4)cc(OC(C)C)c23)n1,CN1CCN(CCOc2cc(OC3CCOCC3)c3c(Nc4c(Cl)ccc5c4OCO5)ncnc3c2)CC1,-1.413733959197998
COc1ccc(Cl)c(Nc2ncnc3cc(OCCCN4CCOCC4)cc(OC(C)C)c23)n1,COc1cc(Nc2ncnc3cc(OCCCN4CCOCC4)cc(OC(C)C)c23)c(Cl)cn1,1.0669465065002441
COc1ccc(Cl)c(Nc2ncnc3cc(OCCCN4CCOCC4)cc(OC(C)C)c23)n1,COc1cc(Nc2ncnc3cc(OCCCN4CCOCC4)cc(OC4CCOCC4)c23)c(Cl)cn1,1.1249384880065918
COc1ccc(Cl)c(Nc2ncnc3cc(OCCCN4CCOCC4)cc(OC(C)C)c23)n1,CN1CCN(CCOc2cc(OC3CCOCC3)c3c(Nc4c(Cl)ccc5c4OCO5)ncnc3c2)CC1,-1.0457572937011719
COc1ccc(Cl)c(Nc2ncnc3cc(OCCCN4CCOCC4)cc(OC(C)C)c23)n1,COc1ccc(Cl)c(Nc2ncnc3ccc(OCCCN4CCN(C)CC4)c(OC4CCOCC4)c23)c1,1.3010296821594238
COc1cc(Nc2ncnc3cc(OCCCN4CCOCC4)cc(OC(C)C)c23)c(Cl)cn1,CC(C)COc1cc(OC2CCN(C)CC2)c2c(Nc3c(Cl)ccc4c3OCO4)ncnc2c1,-1.6989693641662598
COc1cc(Nc2ncnc3cc(OCCCN4CCOCC4)cc(OC(C)C)c23)c(Cl)cn1,Clc1ccc2c(c1Nc1ncnc3cc(OCCN4CCCC4)cc(OC4CCOCC4)c13)OCO2,-1.765916347503662
COc1cc(Nc2ncnc3cc(OCCCN4CCOCC4)cc(OC(C)C)c23)c(Cl)cn1,CC(=O)N1CCN(CCOc2cc(OC(C)C)c3c(Nc4c(F)ccc5c4OCO5)ncnc3c2)CC1,-1.2430377006530762
COc1cc(Nc2ncnc3cc(OCCCN4CCOCC4)cc(OC(C)C)c23)c(Cl)cn1,COc1ccc(Cl)c(Nc2ncnc3cc(OCCCN4CCN(C(C)=O)CC4)cc(OC(C)C)c23)n1,-1.2430377006530762
COc1cc(Nc2ncnc3cc(OCCCN4CCOCC4)cc(OC(C)C)c23)c(Cl)cn1,Clc1ccc2c(c1Nc1ncnc3cc(OCCOc4ccncc4)cc(OC4CCOCC4)c13)OCO2,-2.066946506500244
COc1cc(Nc2ncnc3cc(OCCCN4CCOCC4)cc(OC(C)C)c23)c(Cl)cn1,CN1CCC(COc2cc(OC3CCOCC3)c3c(Nc4c(Cl)ccc5c4OCO5)ncnc3c2)CC1,-1.765916347503662
COc1cc(Nc2ncnc3cc(OCCCN4CCOCC4)cc(OC(C)C)c23)c(Cl)cn1,CN1CCN(CCOc2cc(OC3CCOCC3)c3c(Nc4c(Cl)ccc5c4OCO5)ncnc3c2)CC1,-2.112703800201416
COc1cc(Nc2ncnc3cc(OCCCN4CCOCC4)cc(OC(C)C)c23)c(Cl)cn1,COc1ccc(Cl)c(Nc2ncnc3cc(OCCCN4CCOCC4)cc(OC4CCCCC4)c23)c1,-1.2430377006530762
COc1cnc(Cl)c(Nc2ncnc3cc(OCCCN4CCOCC4)cc(OC(C)C)c23)c1,CC(C)COc1cc(OC2CCN(C)CC2)c2c(Nc3c(Cl)ccc4c3OCO4)ncnc2c1,-1.3309926986694336
COc1cnc(Cl)c(Nc2ncnc3cc(OCCCN4CCOCC4)cc(OC(C)C)c23)c1,Clc1ccc2c(c1Nc1ncnc3cc(OCCN4CCCC4)cc(OC4CCOCC4)c13)OCO2,-1.397939682006836
COc1cnc(Cl)c(Nc2ncnc3cc(OCCCN4CCOCC4)cc(OC(C)C)c23)c1,Clc1ccc2c(c1Nc1ncnc3cc(OCCOc4ccncc4)cc(OC4CCOCC4)c13)OCO2,-1.698969841003418
COc1cnc(Cl)c(Nc2ncnc3cc(OCCCN4CCOCC4)cc(OC(C)C)c23)c1,CN1CCC(COc2cc(OC3CCOCC3)c3c(Nc4c(Cl)ccc5c4OCO5)ncnc3c2)CC1,-1.397939682006836
COc1cnc(Cl)c(Nc2ncnc3cc(OCCCN4CCOCC4)cc(OC(C)C)c23)c1,CN1CCN(CCOc2cc(OC3CCOCC3)c3c(Nc4c(Cl)ccc5c4OCO5)ncnc3c2)CC1,-1.7447271347045898
COc1ncc(Cl)c(=Nc2ncnc3cc(OCCN4CCN(C(C)=O)CC4)cc(OC(C)C)c23)[nH]1,CC(C)COc1cc(OC2CCN(C)CC2)c2c(Nc3c(Cl)ccc4c3OCO4)ncnc2c1,-1.6020593643188477
COc1ncc(Cl)c(=Nc2ncnc3cc(OCCN4CCN(C(C)=O)CC4)cc(OC(C)C)c23)[nH]1,Clc1ccc2c(c1Nc1ncnc3cc(OCCN4CCCC4)cc(OC4CCOCC4)c13)OCO2,-1.66900634765625
COc1ncc(Cl)c(=Nc2ncnc3cc(OCCN4CCN(C(C)=O)CC4)cc(OC(C)C)c23)[nH]1,CC(=O)N1CCN(CCOc2cc(OC(C)C)c3c(Nc4c(F)ccc5c4OCO5)ncnc3c2)CC1,-1.146127700805664
COc1ncc(Cl)c(=Nc2ncnc3cc(OCCN4CCN(C(C)=O)CC4)cc(OC(C)C)c23)[nH]1,COc1ccc(Cl)c(Nc2ncnc3cc(OCCCN4CCN(C(C)=O)CC4)cc(OC(C)C)c23)n1,-1.146127700805664
COc1ncc(Cl)c(=Nc2ncnc3cc(OCCN4CCN(C(C)=O)CC4)cc(OC(C)C)c23)[nH]1,Clc1ccc2c(c1Nc1ncnc3cc(OCCOc4ccncc4)cc(OC4CCOCC4)c13)OCO2,-1.970036506652832
COc1ncc(Cl)c(=Nc2ncnc3cc(OCCN4CCN(C(C)=O)CC4)cc(OC(C)C)c23)[nH]1,CN1CCC(COc2cc(OC3CCOCC3)c3c(Nc4c(Cl)ccc5c4OCO5)ncnc3c2)CC1,-1.66900634765625
COc1ncc(Cl)c(=Nc2ncnc3cc(OCCN4CCN(C(C)=O)CC4)cc(OC(C)C)c23)[nH]1,CN1CCN(CCOc2cc(OC3CCOCC3)c3c(Nc4c(Cl)ccc5c4OCO5)ncnc3c2)CC1,-2.015793800354004
COc1ncc(Cl)c(=Nc2ncnc3cc(OCCN4CCN(C(C)=O)CC4)cc(OC(C)C)c23)[nH]1,COc1ccc(Cl)c(Nc2ncnc3cc(OCCCN4CCOCC4)cc(OC4CCCCC4)c23)c1,-1.146127700805664
COc1ccc(Cl)c(Nc2ncnc3cc(OCCN4CCN(C)CC4)cc(OC(C)C)c23)n1,Clc1ccc2c(c1Nc1ncnc3cc(OCCN4CCCC4)cc(OC4CCOCC4)c13)OCO2,-1.0669465065002441
COc1ccc(Cl)c(Nc2ncnc3cc(OCCN4CCN(C)CC4)cc(OC(C)C)c23)n1,Clc1ccc2c(c1Nc1ncnc3cc(OCCOc4ccncc4)cc(OC4CCOCC4)c13)OCO2,-1.3679766654968262
COc1ccc(Cl)c(Nc2ncnc3cc(OCCN4CCN(C)CC4)cc(OC(C)C)c23)n1,CN1CCC(COc2cc(OC3CCOCC3)c3c(Nc4c(Cl)ccc5c4OCO5)ncnc3c2)CC1,-1.0669465065002441
COc1ccc(Cl)c(Nc2ncnc3cc(OCCN4CCN(C)CC4)cc(OC(C)C)c23)n1,CN1CCN(CCOc2cc(OC3CCOCC3)c3c(Nc4c(Cl)ccc5c4OCO5)ncnc3c2)CC1,-1.413733959197998
Clc1ccc2c(c1Nc1ncnc3cc(OCCN4CCCC4)cc(N4CCOCC4)c13)OCO2,CC(C)COc1cc(OC2CCN(C)CC2)c2c(Nc3c(Cl)ccc4c3OCO4)ncnc2c1,-1.0299625396728516
Clc1ccc2c(c1Nc1ncnc3cc(OCCN4CCCC4)cc(N4CCOCC4)c13)OCO2,Clc1ccc2c(c1Nc1ncnc3cc(OCCN4CCCC4)cc(OC4CCOCC4)c13)OCO2,-1.096909523010254
Clc1ccc2c(c1Nc1ncnc3cc(OCCN4CCCC4)cc(N4CCOCC4)c13)OCO2,Clc1ccc2c(c1Nc1ncnc3cc(OCCOc4ccncc4)cc(OC4CCOCC4)c13)OCO2,-1.397939682006836
Clc1ccc2c(c1Nc1ncnc3cc(OCCN4CCCC4)cc(N4CCOCC4)c13)OCO2,CN1CCC(COc2cc(OC3CCOCC3)c3c(Nc4c(Cl)ccc5c4OCO5)ncnc3c2)CC1,-1.096909523010254
Clc1ccc2c(c1Nc1ncnc3cc(OCCN4CCCC4)cc(N4CCOCC4)c13)OCO2,CN1CCN(CCOc2cc(OC3CCOCC3)c3c(Nc4c(Cl)ccc5c4OCO5)ncnc3c2)CC1,-1.4436969757080078
CC(C)COc1cc(OC2CCN(C)CC2)c2c(Nc3c(Cl)ccc4c3OCO4)ncnc2c1,COc1ccc(Cl)c(Nc2ncnc3cc(OCCCN4CCOCC4)cc(OC(C)C)c23)c1,1.3309926986694336
CC(C)COc1cc(OC2CCN(C)CC2)c2c(Nc3c(Cl)ccc4c3OCO4)ncnc2c1,c1cc(Nc2ncnc3cc(OCCN4CCCC4)cc(OC4CCOCC4)c23)c2c(c1)OCO2,1.0579915046691895
CC(C)COc1cc(OC2CCN(C)CC2)c2c(Nc3c(Cl)ccc4c3OCO4)ncnc2c1,COc1cnc(Cl)c(Nc2ncnc3cc(OCCCN4CCOCC4)cc(OC4CCOCC4)c23)c1,1.3010296821594238
CC(C)COc1cc(OC2CCN(C)CC2)c2c(Nc3c(Cl)ccc4c3OCO4)ncnc2c1,COc1cc(Nc2ncnc3cc(OCCCN4CCOCC4)cc(OC4CCOCC4)c23)c(Cl)cn1,1.7569613456726074
CC(C)COc1cc(OC2CCN(C)CC2)c2c(Nc3c(Cl)ccc4c3OCO4)ncnc2c1,Clc1ccc2c(c1Nc1ncnc3cc(OCCN4CCCC4)cc(OC4CCOCC4)c13)OCCO2,1.1962943077087402
CC(C)COc1cc(OC2CCN(C)CC2)c2c(Nc3c(Cl)ccc4c3OCO4)ncnc2c1,c1cc(Nc2ncnc3cc(OCCN4CCCC4)cc(OC4CCOCC4)c23)c2c(c1)OCCO2,1.0843205451965332
CC(C)COc1cc(OC2CCN(C)CC2)c2c(Nc3c(Cl)ccc4c3OCO4)ncnc2c1,COc1ccc(Cl)c(Nc2ncnc3cc(OCCCN4CCOCC4)cc(OC4CCOCC4)c23)c1,1.4559316635131836
CC(C)COc1cc(OC2CCN(C)CC2)c2c(Nc3c(Cl)ccc4c3OCO4)ncnc2c1,COc1ccc(Cl)c(Nc2ncnc3ccc(OCCCN4CCN(C)CC4)c(OC4CCOCC4)c23)c1,1.9330525398254395
COc1ccc(Cl)c(Nc2ncnc3cc(OCCCN4CCOCC4)cc(OC(C)C)c23)c1,Clc1ccc2c(c1Nc1ncnc3cc(OCCN4CCCC4)cc(OC4CCOCC4)c13)OCO2,-1.397939682006836
COc1ccc(Cl)c(Nc2ncnc3cc(OCCCN4CCOCC4)cc(OC(C)C)c23)c1,Clc1ccc2c(c1Nc1ncnc3cc(OCCOc4ccncc4)cc(OC4CCOCC4)c13)OCO2,-1.698969841003418
COc1ccc(Cl)c(Nc2ncnc3cc(OCCCN4CCOCC4)cc(OC(C)C)c23)c1,CN1CCC(COc2cc(OC3CCOCC3)c3c(Nc4c(Cl)ccc5c4OCO5)ncnc3c2)CC1,-1.397939682006836
COc1ccc(Cl)c(Nc2ncnc3cc(OCCCN4CCOCC4)cc(OC(C)C)c23)c1,CN1CCN(CCOc2cc(OC3CCOCC3)c3c(Nc4c(Cl)ccc5c4OCO5)ncnc3c2)CC1,-1.7447271347045898
COc1ccc(Cl)c(Nc2ncnc3cc(OCCN4CCN(C(C)=O)CC4)cc(OC(C)C)c23)n1,Clc1ccc2c(c1Nc1ncnc3cc(OCCOc4ccncc4)cc(OC4CCOCC4)c13)OCO2,-1.3010296821594238
COc1ccc(Cl)c(Nc2ncnc3cc(OCCN4CCN(C(C)=O)CC4)cc(OC(C)C)c23)n1,CN1CCN(CCOc2cc(OC3CCOCC3)c3c(Nc4c(Cl)ccc5c4OCO5)ncnc3c2)CC1,-1.3467869758605957
COc1ccc(Cl)c(Nc2ncnc3cc(OCCCN4CCN(C)CC4)cc(OC(C)C)c23)n1,Clc1ccc2c(c1Nc1ncnc3cc(OCCOc4ccncc4)cc(OC4CCOCC4)c13)OCO2,-1.3010296821594238
COc1ccc(Cl)c(Nc2ncnc3cc(OCCCN4CCN(C)CC4)cc(OC(C)C)c23)n1,CN1CCN(CCOc2cc(OC3CCOCC3)c3c(Nc4c(Cl)ccc5c4OCO5)ncnc3c2)CC1,-1.3467869758605957
Clc1ccc2c(c1Nc1ncnc3cc(OCCN4CCCC4)cc(OC4CCOCC4)c13)OCO2,c1cc(Nc2ncnc3cc(OCCN4CCCC4)cc(OC4CCOCC4)c23)c2c(c1)OCO2,1.1249384880065918
Clc1ccc2c(c1Nc1ncnc3cc(OCCN4CCCC4)cc(OC4CCOCC4)c13)OCO2,COc1cnc(Cl)c(Nc2ncnc3cc(OCCCN4CCOCC4)cc(OC4CCOCC4)c23)c1,1.3679766654968262
Clc1ccc2c(c1Nc1ncnc3cc(OCCN4CCCC4)cc(OC4CCOCC4)c13)OCO2,COc1ccc(Cl)c(Nc2ncnc3cc(OCCCN4CCOCC4)cc(OC4CCOCC4)c23)n1,1.0669465065002441
Clc1ccc2c(c1Nc1ncnc3cc(OCCN4CCCC4)cc(OC4CCOCC4)c13)OCO2,COc1cc(Nc2ncnc3cc(OCCCN4CCOCC4)cc(OC4CCOCC4)c23)c(Cl)cn1,1.8239083290100098
Clc1ccc2c(c1Nc1ncnc3cc(OCCN4CCCC4)cc(OC4CCOCC4)c13)OCO2,Clc1ccc2c(c1Nc1ncnc3cc(OCCN4CCCC4)cc(OC4CCOCC4)c13)OCCO2,1.2632412910461426
Clc1ccc2c(c1Nc1ncnc3cc(OCCN4CCCC4)cc(OC4CCOCC4)c13)OCO2,c1cc(Nc2ncnc3cc(OCCN4CCCC4)cc(OC4CCOCC4)c23)c2c(c1)OCCO2,1.1512675285339355
Clc1ccc2c(c1Nc1ncnc3cc(OCCN4CCCC4)cc(OC4CCOCC4)c13)OCO2,COc1ccc(Cl)c(Nc2ncnc3cc(OCCCN4CCOCC4)cc(OC4CCOCC4)c23)c1,1.522878646850586
Clc1ccc2c(c1Nc1ncnc3cc(OCCN4CCCC4)cc(OC4CCOCC4)c13)OCO2,CN1CCN(CCOc2cc(OC3CCOCC3)c3c(Nc4c(Cl)ccc5c4OCCO5)ncnc3c2)CC1,1.034761905670166
Clc1ccc2c(c1Nc1ncnc3cc(OCCN4CCCC4)cc(OC4CCOCC4)c13)OCO2,COc1ccc(Cl)c(Nc2ncnc3ccc(OCCCN4CCN(C)CC4)c(OC4CCOCC4)c23)c1,1.9999995231628418
CC(=O)N1CCN(CCOc2cc(OC(C)C)c3c(Nc4c(F)ccc5c4OCO5)ncnc3c2)CC1,COc1cc(Nc2ncnc3cc(OCCCN4CCOCC4)cc(OC4CCOCC4)c23)c(Cl)cn1,1.3010296821594238
CC(=O)N1CCN(CCOc2cc(OC(C)C)c3c(Nc4c(F)ccc5c4OCO5)ncnc3c2)CC1,COc1ccc(Cl)c(Nc2ncnc3ccc(OCCCN4CCN(C)CC4)c(OC4CCOCC4)c23)c1,1.4771208763122559
c1cc(Nc2ncnc3cc(OCCN4CCCC4)cc(OC4CCOCC4)c23)c2c(c1)OCO2,Clc1ccc2c(c1Nc1ncnc3cc(OCCOc4ccncc4)cc(OC4CCOCC4)c13)OCO2,-1.4259686470031738
c1cc(Nc2ncnc3cc(OCCN4CCCC4)cc(OC4CCOCC4)c23)c2c(c1)OCO2,CN1CCC(COc2cc(OC3CCOCC3)c3c(Nc4c(Cl)ccc5c4OCO5)ncnc3c2)CC1,-1.1249384880065918
c1cc(Nc2ncnc3cc(OCCN4CCCC4)cc(OC4CCOCC4)c23)c2c(c1)OCO2,CN1CCN(CCOc2cc(OC3CCOCC3)c3c(Nc4c(Cl)ccc5c4OCO5)ncnc3c2)CC1,-1.4717259407043457
COc1cnc(Cl)c(Nc2ncnc3cc(OCCCN4CCOCC4)cc(OC4CCOCC4)c23)c1,Clc1ccc2c(c1Nc1ncnc3cc(OCCOc4ccncc4)cc(OC4CCOCC4)c13)OCO2,-1.6690068244934082
COc1cnc(Cl)c(Nc2ncnc3cc(OCCCN4CCOCC4)cc(OC4CCOCC4)c23)c1,CN1CCC(COc2cc(OC3CCOCC3)c3c(Nc4c(Cl)ccc5c4OCO5)ncnc3c2)CC1,-1.3679766654968262
COc1cnc(Cl)c(Nc2ncnc3cc(OCCCN4CCOCC4)cc(OC4CCOCC4)c23)c1,CN1CCN(CCOc2cc(OC3CCOCC3)c3c(Nc4c(Cl)ccc5c4OCO5)ncnc3c2)CC1,-1.71476411819458
COc1ccc(Cl)c(Nc2ncnc3cc(OCCCN4CCOCC4)cc(OC4CCOCC4)c23)n1,Clc1ccc2c(c1Nc1ncnc3cc(OCCOc4ccncc4)cc(OC4CCOCC4)c13)OCO2,-1.3679766654968262
COc1ccc(Cl)c(Nc2ncnc3cc(OCCCN4CCOCC4)cc(OC4CCOCC4)c23)n1,CN1CCC(COc2cc(OC3CCOCC3)c3c(Nc4c(Cl)ccc5c4OCO5)ncnc3c2)CC1,-1.0669465065002441
COc1ccc(Cl)c(Nc2ncnc3cc(OCCCN4CCOCC4)cc(OC4CCOCC4)c23)n1,CN1CCN(CCOc2cc(OC3CCOCC3)c3c(Nc4c(Cl)ccc5c4OCO5)ncnc3c2)CC1,-1.413733959197998
COc1cc(Nc2ncnc3cc(OCCCN4CCOCC4)cc(OC4CCOCC4)c23)c(Cl)cn1,COc1ccc(Cl)c(Nc2ncnc3cc(OCCCN4CCN(C(C)=O)CC4)cc(OC(C)C)c23)n1,-1.3010296821594238
COc1cc(Nc2ncnc3cc(OCCCN4CCOCC4)cc(OC4CCOCC4)c23)c(Cl)cn1,Clc1ccc2c(c1Nc1ncnc3cc(OCCOc4ccncc4)cc(OC4CCOCC4)c13)OCO2,-2.124938488006592
COc1cc(Nc2ncnc3cc(OCCCN4CCOCC4)cc(OC4CCOCC4)c23)c(Cl)cn1,CN1CCC(COc2cc(OC3CCOCC3)c3c(Nc4c(Cl)ccc5c4OCO5)ncnc3c2)CC1,-1.8239083290100098
COc1cc(Nc2ncnc3cc(OCCCN4CCOCC4)cc(OC4CCOCC4)c23)c(Cl)cn1,CN1CCN(CCOc2cc(OC3CCOCC3)c3c(Nc4c(Cl)ccc5c4OCO5)ncnc3c2)CC1,-2.1706957817077637
COc1cc(Nc2ncnc3cc(OCCCN4CCOCC4)cc(OC4CCOCC4)c23)c(Cl)cn1,COc1ccc(Cl)c(Nc2ncnc3cc(OCCCN4CCOCC4)cc(OC4CCCCC4)c23)c1,-1.3010296821594238
COc1ccc(Cl)c(Nc2ncnc3cc(OCCCN4CCN(C(C)=O)CC4)cc(OC(C)C)c23)n1,COc1ccc(Cl)c(Nc2ncnc3ccc(OCCCN4CCN(C)CC4)c(OC4CCOCC4)c23)c1,1.4771208763122559
Clc1ccc2c(c1Nc1ncnc3cc(OCCOc4ccncc4)cc(OC4CCOCC4)c13)OCO2,Clc1ccc2c(c1Nc1ncnc3cc(OCCN4CCCC4)cc(OC4CCOCC4)c13)OCCO2,1.5642714500427246
Clc1ccc2c(c1Nc1ncnc3cc(OCCOc4ccncc4)cc(OC4CCOCC4)c13)OCO2,c1cc(Nc2ncnc3cc(OCCCN4CCCC4)cc(OC4CCOCC4)c23)c2c(c1)OCO2,1.1249384880065918
Clc1ccc2c(c1Nc1ncnc3cc(OCCOc4ccncc4)cc(OC4CCOCC4)c13)OCO2,c1cc(Nc2ncnc3cc(OCCN4CCCC4)cc(OC4CCOCC4)c23)c2c(c1)OCCO2,1.4522976875305176
Clc1ccc2c(c1Nc1ncnc3cc(OCCOc4ccncc4)cc(OC4CCOCC4)c13)OCO2,COc1ccc(Cl)c(Nc2ncnc3cc(OCCCN4CCOCC4)cc(OC4CCOCC4)c23)c1,1.823908805847168
Clc1ccc2c(c1Nc1ncnc3cc(OCCOc4ccncc4)cc(OC4CCOCC4)c13)OCO2,CN1CCN(CCOc2cc(OC3CCOCC3)c3c(Nc4c(Cl)ccc5c4OCCO5)ncnc3c2)CC1,1.335792064666748
Clc1ccc2c(c1Nc1ncnc3cc(OCCOc4ccncc4)cc(OC4CCOCC4)c13)OCO2,COc1ccc(Cl)c(Nc2ncnc3ccc(OCCCN4CCN(C)CC4)c(OC4CCOCC4)c23)c1,2.301029682159424
CN1CCC(COc2cc(OC3CCOCC3)c3c(Nc4c(Cl)ccc5c4OCO5)ncnc3c2)CC1,Clc1ccc2c(c1Nc1ncnc3cc(OCCN4CCCC4)cc(OC4CCOCC4)c13)OCCO2,1.2632412910461426
CN1CCC(COc2cc(OC3CCOCC3)c3c(Nc4c(Cl)ccc5c4OCO5)ncnc3c2)CC1,c1cc(Nc2ncnc3cc(OCCN4CCCC4)cc(OC4CCOCC4)c23)c2c(c1)OCCO2,1.1512675285339355
CN1CCC(COc2cc(OC3CCOCC3)c3c(Nc4c(Cl)ccc5c4OCO5)ncnc3c2)CC1,COc1ccc(Cl)c(Nc2ncnc3cc(OCCCN4CCOCC4)cc(OC4CCOCC4)c23)c1,1.522878646850586
CN1CCC(COc2cc(OC3CCOCC3)c3c(Nc4c(Cl)ccc5c4OCO5)ncnc3c2)CC1,CN1CCN(CCOc2cc(OC3CCOCC3)c3c(Nc4c(Cl)ccc5c4OCCO5)ncnc3c2)CC1,1.034761905670166
CN1CCC(COc2cc(OC3CCOCC3)c3c(Nc4c(Cl)ccc5c4OCO5)ncnc3c2)CC1,COc1ccc(Cl)c(Nc2ncnc3ccc(OCCCN4CCN(C)CC4)c(OC4CCOCC4)c23)c1,1.9999995231628418
Clc1ccc2c(c1Nc1ncnc3cc(OCCN4CCCC4)cc(OC4CCOCC4)c13)OCCO2,CN1CCN(CCOc2cc(OC3CCOCC3)c3c(Nc4c(Cl)ccc5c4OCO5)ncnc3c2)CC1,-1.6100287437438965
CN1CCN(CCOc2cc(OC3CCOCC3)c3c(Nc4c(Cl)ccc5c4OCO5)ncnc3c2)CC1,c1cc(Nc2ncnc3cc(OCCCN4CCCC4)cc(OC4CCOCC4)c23)c2c(c1)OCO2,1.1706957817077637
CN1CCN(CCOc2cc(OC3CCOCC3)c3c(Nc4c(Cl)ccc5c4OCO5)ncnc3c2)CC1,c1cc(Nc2ncnc3cc(OCCN4CCCC4)cc(OC4CCOCC4)c23)c2c(c1)OCCO2,1.4980549812316895
CN1CCN(CCOc2cc(OC3CCOCC3)c3c(Nc4c(Cl)ccc5c4OCO5)ncnc3c2)CC1,COc1ccc(Cl)c(Nc2ncnc3cc(OCCCN4CCOCC4)cc(OC4CCOCC4)c23)c1,1.8696660995483398
CN1CCN(CCOc2cc(OC3CCOCC3)c3c(Nc4c(Cl)ccc5c4OCO5)ncnc3c2)CC1,CN1CCN(CCOc2cc(OC3CCOCC3)c3c(Nc4c(Cl)ccc5c4OCCO5)ncnc3c2)CC1,1.38154935836792
CN1CCN(CCOc2cc(OC3CCOCC3)c3c(Nc4c(Cl)ccc5c4OCO5)ncnc3c2)CC1,COc1ccc(Cl)c(Nc2ncnc3ccc(OCCCN4CCN(C)CC4)c(OC4CCOCC4)c23)c1,2.3467869758605957
c1cc(Nc2ncnc3cc(OCCCN4CCCC4)cc(OC4CCOCC4)c23)c2c(c1)OCO2,COc1ccc(Cl)c(Nc2ncnc3ccc(OCCCN4CCN(C)CC4)c(OC4CCOCC4)c23)c1,1.176091194152832
COc1ccc(Cl)c(Nc2ncnc3cc(OCCCN4CCOCC4)cc(OC4CCCCC4)c23)c1,COc1ccc(Cl)c(Nc2ncnc3ccc(OCCCN4CCN(C)CC4)c(OC4CCOCC4)c23)c1,1.4771208763122559
